site_id,climate,country,module_tech,module,rate,seed,method,ci_low,ci_high,plr,truth,error
auckland,Cfb,New Zealand,mono-Si,Canadian_Solar_Inc__CS6K_275M,-0.5,0,khd_full,-0.5481083192278948,-0.3610220589105441,-0.4545651890692195,-0.5000000000000004,0.045434810930780944
auckland,Cfb,New Zealand,mono-Si,Canadian_Solar_Inc__CS6K_275M,-0.5,1,khd_full,-0.4880746330295023,-0.37947611651910235,-0.43377537477430234,-0.5000000000000004,0.06622462522569811
auckland,Cfb,New Zealand,mono-Si,Canadian_Solar_Inc__CS6K_275M,-0.5,2,khd_full,-0.528908208177761,-0.4538735635615499,-0.49139088586965546,-0.5000000000000004,0.008609114130344986
auckland,Cfb,New Zealand,mono-Si,Canadian_Solar_Inc__CS6K_275M,-1.0,0,khd_full,-0.9669845652530804,-0.8447603813036682,-0.9058724732783743,-1.0000000000000049,0.0941275267216306
auckland,Cfb,New Zealand,mono-Si,Canadian_Solar_Inc__CS6K_275M,-1.0,1,khd_full,-0.9474711844160107,-0.8623468978609506,-0.9049090411384807,-1.0000000000000049,0.09509095886152419
auckland,Cfb,New Zealand,mono-Si,Canadian_Solar_Inc__CS6K_275M,-1.0,2,khd_full,-1.0123124067411564,-0.8798340535143835,-0.94607323012777,-1.0000000000000049,0.05392676987223488
auckland,Cfb,New Zealand,CdTe,First_Solar__Inc__FS_6385,-0.5,0,khd_full,-0.4844559201648982,-0.34108338402218025,-0.4127696520935392,-0.5000000000000032,0.087230347906464
auckland,Cfb,New Zealand,CdTe,First_Solar__Inc__FS_6385,-0.5,1,khd_full,-0.46690440595374794,-0.337319241897281,-0.4021118239255145,-0.5000000000000032,0.09788817607448874
auckland,Cfb,New Zealand,CdTe,First_Solar__Inc__FS_6385,-0.5,2,khd_full,-0.5466107889761973,-0.3659936941154279,-0.4563022415458126,-0.5000000000000032,0.043697758454190605
auckland,Cfb,New Zealand,CdTe,First_Solar__Inc__FS_6385,-1.0,0,khd_full,-0.9175456980685037,-0.766918283945135,-0.8422319910068193,-0.999999999999998,0.15776800899317867
auckland,Cfb,New Zealand,CdTe,First_Solar__Inc__FS_6385,-1.0,1,khd_full,-0.8833793160825973,-0.794241597659074,-0.8388104568708357,-0.999999999999998,0.16118954312916234
auckland,Cfb,New Zealand,CdTe,First_Solar__Inc__FS_6385,-1.0,2,khd_full,-0.921599401867505,-0.8348915471424964,-0.8782454745050007,-0.999999999999998,0.12175452549499732
delhi,BSh,India,mono-Si,Canadian_Solar_Inc__CS6K_275M,-0.5,0,khd_full,-0.5490405284782014,-0.37207215863483034,-0.46055634355651587,-0.5000000000000004,0.039443656443484576
delhi,BSh,India,mono-Si,Canadian_Solar_Inc__CS6K_275M,-0.5,1,khd_full,-0.5168555907760184,-0.392240452004279,-0.4545480213901487,-0.5000000000000004,0.04545197860985173
delhi,BSh,India,mono-Si,Canadian_Solar_Inc__CS6K_275M,-0.5,2,khd_full,-0.5720258092315373,-0.44847855563183286,-0.5102521824316851,-0.5000000000000004,-0.010252182431684687
delhi,BSh,India,mono-Si,Canadian_Solar_Inc__CS6K_275M,-1.0,0,khd_full,-1.0148912201904439,-0.8746266232672032,-0.9447589217288235,-1.0000000000000049,0.05524107827118141
delhi,BSh,India,mono-Si,Canadian_Solar_Inc__CS6K_275M,-1.0,2,khd_full,-1.026813592400057,-0.9413905091999428,-0.9841020507999999,-1.0000000000000049,0.01589794920000498
delhi,BSh,India,CdTe,First_Solar__Inc__FS_6385,-1.0,1,khd_full,-0.9110794252126636,-0.8182769125286858,-0.8646781688706747,-0.999999999999998,0.13532183112932328
