system_id,label,climate,pooled,poa_200_450,poa_450_700,poa_700_950,poa_950_1200,tcell_0_35,tcell_35_50,tcell_50_90,bin_min,bin_max,pooled_outside_bins,hot_share_range
dkasc_7,"First Solar, 7.0kW, CdTe, Fixed, 2008",BWh,-0.7061917813589633,-1.800319142086404,-0.8066723676581289,-0.7494372359131767,-0.979710898941899,-1.4225717371256774,-1.2576469779454291,-0.6546539700179155,-1.800319142086404,-0.6546539700179155,False,0.5763888888888888
dkasc_8,"Kaneka, 6.0kW, Amorphous Silicon, Fixed, 2008",BWh,-0.8440396298410091,-1.4077868521131798,-1.1648951498881788,-1.2121637107715522,-1.1972238910551365,-1.671233611605736,-1.233029722125406,-0.6813929815067454,-1.671233611605736,-0.6813929815067454,False,0.4256005309248151
dkasc_10,"SunPower, 5.8kW, mono-Si, Fixed, 2009, 215W",BWh,-1.0485136098723535,-2.4175978134618195,-1.158659508436461,-0.9531681205733569,-0.8666530867492139,-2.92671633941336,-1.4454431065321072,-0.8132790693641923,-2.92671633941336,-0.8132790693641923,False,0.4485135862254507
dkasc_11,"BP Solar, 5.0kW, poly-Si, Fixed, 2008",BWh,-1.4199663728199141,-2.286758296267588,-1.3851419951551924,-1.2713339689671503,-1.2014224622970304,-2.5564568231446536,-1.6238960788328103,-1.379722377700253,-2.5564568231446536,-1.2014224622970304,False,0.43267664538850986
dkasc_13,"Trina, 5.3kW, mono-Si, Fixed, 2009",BWh,-0.6850610917080263,-1.9438903968034937,-0.6304734295863867,-0.8441568753952966,-0.9207698107351785,-2.696532440156768,-1.1019975949257288,-0.6394209236995059,-2.696532440156768,-0.6304734295863867,False,0.4373371747325835
dkasc_17,"Sanyo, 6.3kW, HIT Hybrid Silicon, Fixed, 2010",BWh,-0.5275420879183756,-0.651767145706689,-0.3965135854349996,-0.6202468544508843,-0.7914332256717116,-0.5612468143222804,-0.6004432853319265,-0.5682049488289209,-0.7914332256717116,-0.3965135854349996,False,0.43216164314936967
dkasc_12,"BP Solar, 5.1kW, mono-Si, Fixed, 2008",BWh,-0.9064183296689177,-2.3006107944959497,-1.0786469147246902,-0.8835736909484027,-0.9178141008289672,-2.14784962578638,-1.2324772698480293,-0.8432101462763801,-2.3006107944959497,-0.8432101462763801,False,0.4381883787744298
dkasc_14,"Kyocera, 5.4kW, poly-Si, Fixed, 2008",BWh,-0.7362260235766582,-1.6551438250802075,-0.7906115291317557,-0.5734984131531506,-0.3998294394777374,-2.2279640440113324,-1.0219247175005775,-0.38757119404367707,-2.2279640440113324,-0.38757119404367707,False,0.4304772318987738
dkasc_18,"SunPower, 5.2kW, mono-Si, Fixed, 2011",BWh,-0.22643145297678302,-0.42165972316818845,-0.3132880280522832,-0.4655671191819577,-0.5341969865796223,0.003879905467008429,-0.5039594882000675,-0.3177874588496701,-0.5341969865796223,0.003879905467008429,False,0.43959364143594065
dkasc_19,"Sungrid, 5.0kW, mono-Si, Fixed, 2010",BWh,-0.6435550030522067,-1.1022281387415445,-0.6630895519599056,-0.6654936960017954,-0.80898318929702,-0.6813824313726113,-0.9832251393889102,-0.7251849901093687,-1.1022281387415445,-0.6630895519599056,True,0.44041620312806756
dkasc_20,"Sungrid, 5.0kW, poly-Si, Fixed, 2010",BWh,-2.4902513157692283,-2.5764795972313514,-2.464993691089662,-2.5811059606988818,-3.0544815731335593,-2.237654039412657,-2.5766635359378287,-3.023036945621471,-3.0544815731335593,-2.237654039412657,False,0.43331167212647775
dkasc_21,"Evergreen Solar, 4.9kW, poly-Si, Fixed, 2010",BWh,-0.8990383562999915,-1.5145112878057976,-1.266318072059247,-0.9574093378884084,-0.8886349651811454,-1.0918760448157734,-1.2877495864716315,-0.8836541978840096,-1.5145112878057976,-0.8836541978840096,False,0.44693996827252236
pvdaq_1430,NREL Golden roof array,Dfb,-0.18411600266086126,-0.09460167750208902,0.04880127156642262,-0.3740947262427907,-0.5326431411399649,-0.1020718409007924,-0.17393728316725754,-0.6234653437249011,-0.6234653437249011,0.04880127156642262,False,0.0852514740035139
pvdaq_1423,Henderson NV,BWh,-0.49696305584161726,-0.23871371635550204,-0.5336099207383538,-0.5855687619861105,-0.5189890792534277,-0.16712441266157896,-0.41344233540622405,-0.7459421513366047,-0.7459421513366047,-0.16712441266157896,False,0.5620347394540943
pvdaq_2107,"Farm Solar Array, Arbuckle CA",Csa,0.8990215967644322,0.5578308365960405,1.0498595677298994,0.9817828004586637,0.9856615288827055,0.7292039305900162,1.0705008673506322,0.6035057138329143,0.5578308365960405,1.0705008673506322,False,0.12571200628853335
