system_id,label,climate,yoy_plr,ols_plr,slope_first_half,slope_second_half,tail_index,hour_block_spread,early_years,late_years,nonlinearity,rdtools_plr,khd_plr,diff_khd_minus_rdtools
dkasc_7,"First Solar, 7.0kW, CdTe, Fixed, 2008",BWh,-0.7061917813589578,-0.7812837831842377,-1.189219441208188,-0.622967175850697,-0.0313827240768156,0.0658387959560254,2015-2016,2023-2024,0.566252265357491,-0.734633338834717,-0.7518847411001626,-0.017251402265445526
dkasc_8,"Kaneka, 6.0kW, Amorphous Silicon, Fixed, 2008",BWh,-0.8440396298410091,-1.6808856756776749,-0.3912442992676765,1.77553517605829,0.9105620329568512,0.0746274875555343,2014-2015,2022-2023,2.1667794753259666,-0.8546214680050098,-0.6894538647103189,0.16516760329469093
dkasc_10,"SunPower, 5.8kW, mono-Si, Fixed, 2009, 215W",BWh,-1.048513609872348,-1.2398298523753328,-0.8535812330212252,-0.9286363072235002,0.1037729864014272,0.1274466183511571,2014-2015,2023-2024,-0.0750550742022749,-1.0641570626548835,-0.9388721554258614,0.12528490722902208
dkasc_11,"BP Solar, 5.0kW, poly-Si, Fixed, 2008",BWh,-1.4199663728199252,-1.395540548161894,-0.6105203741700008,-3.2375585273305365,0.0497405921177089,0.0214506848233613,2014-2015,2022-2023,-2.627038153160536,-1.4101407839134716,-0.862599252398113,0.5475415315153587
dkasc_13,"Trina, 5.3kW, mono-Si, Fixed, 2009",BWh,-0.6850610917080319,-0.3211540287942413,-0.4695214277726948,-0.788082422920202,-0.0872089764454435,0.1447550688558846,2014-2015,2023-2024,-0.3185609951475072,-0.6971931424468114,-0.4457115087053464,0.251481633741465
dkasc_17,"Sanyo, 6.3kW, HIT Hybrid Silicon, Fixed, 2010",BWh,-0.5275420879183756,-0.1817781620232672,-6.638323613758498,-1.350444534199566,-0.0144331842116846,0.0270975224694435,2014-2015,2022-2023,5.287879079558932,-0.5140537207782847,-0.075796743308325,0.43825697746995973
dkasc_12,"BP Solar, 5.1kW, mono-Si, Fixed, 2008",BWh,-0.9064183296689232,-1.5477606796206431,-0.5813186430784312,-0.7571122222995906,0.0551229376917583,0.0440999555924896,2014-2015,2023-2024,-0.1757935792211594,-0.8946816190537581,-0.9381563747665702,-0.04347475571281212
dkasc_14,"Kyocera, 5.4kW, poly-Si, Fixed, 2008",BWh,-0.7362260235766582,-0.5588726964513657,-0.198987087991056,-1.2283455277379456,0.2660905108104536,0.0907492195635827,2014-2015,2022-2023,-1.0293584397468896,-0.7595114227263888,-0.29857571334581,0.4609357093805788
dkasc_18,"SunPower, 5.2kW, mono-Si, Fixed, 2011",BWh,-0.2264314529768052,-0.0920787738023668,0.2145622456775769,-0.018564945374069,-0.0547556581691223,0.0849793949218208,2014-2015,2022-2023,-0.233127191051646,-0.2321468198786869,-0.2298707280191198,0.002276091859567092
dkasc_19,"Sungrid, 5.0kW, mono-Si, Fixed, 2010",BWh,-0.6435550030522067,-0.4931776105711958,-0.6453313892273975,-0.3778961904555499,0.0163458645624391,0.0197733439858576,2014-2015,2023-2024,0.2674351987718475,-0.6507598637538631,-0.5109579510684701,0.139801912685393
dkasc_20,"Sungrid, 5.0kW, poly-Si, Fixed, 2010",BWh,-2.490251315769217,-2.861038804628868,-1.0968452906241202,-4.532901352133311,0.0748233862316705,0.0784253911767211,2014-2015,2023-2024,-3.4360560615091904,-2.4833872913026744,-2.5223085149525017,-0.03892122364982731
dkasc_21,"Evergreen Solar, 4.9kW, poly-Si, Fixed, 2010",BWh,-0.8990383562999915,-0.8902423085087383,-1.0786811770191511,-0.3147580459424099,0.056226714322399,0.1263467158938819,2014-2015,2023-2024,0.7639231310767411,-0.8936385840355443,-0.8894612359383205,0.00417734809722381
pvdaq_1430,NREL Golden roof array,Dfb,-0.1841160026608612,0.4360938015498419,-0.0650221909734341,1.1642709370110031,-0.0744924115470897,0.0292720571843243,2009-2010,2016-2017,1.2292931279844372,-0.1841160026608612,0.0487546153900379,0.2328706180508991
pvdaq_1423,Henderson NV,BWh,-0.4969630558416006,-0.1287731505714488,1.486932675571612,-0.5742224668595831,-0.0499656731711414,0.0170615299772246,2016-2017,2021-2022,-2.061155142431195,-0.4969630558416172,-0.7222018124916997,-0.22523875665008247
pvdaq_2107,"Farm Solar Array, Arbuckle CA",Csa,0.8990215967644322,1.0549397037110664,2.586990966683298,0.4779675621883315,-0.0255872613823406,0.0667624315858459,2018-2019,2023-2024,-2.1090234044949665,1.0213261612429236,0.7951035098073757,-0.22622265143554798
