scenario,method,n,bias,mae
knee,changepoint,12,0.034637030597783315,0.035071257076368934
knee,khd_full,12,0.027911847667840512,0.03767511557957928
knee,pvusa,12,0.014349512059538142,0.07250139889051183
knee,rdtools,12,-0.006469788091143826,0.07556272700020265
knee,stl,12,0.03533583130792783,0.03737714862078336
knee,tcn,12,0.04179302581027233,0.08577499110522224
knee,xgboost,12,0.07362561586250431,0.07871735126152746
non_pvwatts,changepoint,12,0.008644159249959453,0.040555622961421865
non_pvwatts,khd_full,12,-0.005389677732101084,0.006279759205644685
non_pvwatts,pvusa,12,-0.01246169672750516,0.014770669381172842
non_pvwatts,rdtools,12,0.030009650678551034,0.03787884572868757
non_pvwatts,stl,12,0.03432277012620361,0.03801446466112181
non_pvwatts,tcn,12,0.014319600320808867,0.019404916612825052
non_pvwatts,xgboost,12,0.0447194930890582,0.044719493089058183
soiling,changepoint,12,0.011366182000873942,0.12817122464760242
soiling,khd_full,12,0.0957139971076722,0.11239500640208182
soiling,pvusa,12,0.20576716913189316,0.2515149930758293
soiling,rdtools,12,0.21070816920694257,0.24349353169825394
soiling,stl,12,0.08968113680606399,0.12833466830252482
soiling,tcn,12,0.2131077435606011,0.3034240233301299
soiling,xgboost,12,0.22966874375655724,0.3118072430128047
step,changepoint,12,-0.10546650380502876,0.10546650380502876
step,khd_full,12,-0.18408963378102414,0.18408963378102408
step,pvusa,12,0.2240544480372835,0.22405444803728355
step,rdtools,12,0.25876291494656856,0.2587629149465686
step,stl,12,-0.17807888460349472,0.17807888460349472
step,tcn,12,0.2502414390257181,0.2502414390257181
step,xgboost,12,0.27833341846630005,0.27833341846630005
