method,diff_vs_rdtools,ci_low,ci_high,p_value,system_variance,residual_variance
informer,-0.001035257395574529,-0.01377455324720177,0.011704038456052711,0.8734512353942575,0.0002977133068246731,0.0012674064700708833
patchtst,0.0006698354838464727,-0.012069460367780768,0.013409131335473713,0.9179189900296453,0.0002977133068246731,0.0012674064700708833
lstm,0.001400548894198075,-0.011338746957429166,0.014139844745825315,0.8293954337348778,0.0002977133068246731,0.0012674064700708833
khd_full,0.004836133184734343,-0.007903162666892897,0.017575429036361584,0.45684747139055093,0.0002977133068246731,0.0012674064700708833
gru,0.0064647950252554615,-0.006274500826371779,0.019204090876882702,0.31992085005406834,0.0002977133068246731,0.0012674064700708833
tcn,0.006811928330333609,-0.0059273675212936335,0.01955122418196085,0.2946258715491603,0.0002977133068246731,0.0012674064700708833
xgboost,0.008071516901246507,-0.004667778950380733,0.020810812752873747,0.21430384939076008,0.0002977133068246731,0.0012674064700708833
pvusa,0.009501055078692323,-0.003238240772934921,0.022240350930319567,0.14380843782716252,0.0002977133068246731,0.0012674064700708833
random_forest,0.04319950979567621,0.03046021394404897,0.05593880564730345,3.0050409444905735e-11,0.0002977133068246731,0.0012674064700708833
