weather,d_true,d_estimated,r,t_center_years,observed_change,eq2_first_order,exact_t05,t1,t1_origin,exact,err_eq2,err_exact,err_exact_t05
dkasc_7,0.0,0.0,-0.5,6.41170431211499,-0.5013086352814888,-0.5,-0.5012531328320802,0.5311430527036276,0.6570841889117043,-0.5016481252575196,-0.0013086352814888347,0.00033948997603072684,-5.5502449408662e-05
dkasc_7,0.0,0.0,-1.0,6.41170431211499,-1.0059395077305355,-1.0,-1.0050251256281406,0.5311430527036276,0.6570841889117043,-1.0066143034311699,-0.0059395077305355315,0.0006747957006343341,-0.0009143821023949172
dkasc_7,0.0,0.0,-2.0,6.41170431211499,-2.0253028292651076,-2.0,-2.0202020202020203,0.5311430527036276,0.6570841889117043,-2.026633374947982,-0.02530282926510763,0.0013305456828742734,-0.005100809063087297
dkasc_7,-0.8,-0.8036863568629815,-0.5,6.41170431211499,-0.4533438763276454,-0.44847000720113633,-0.45362249522351,0.5311430527036276,0.6570841889117043,-0.454231071727865,-0.004873869126509056,0.000887195400219587,0.00027861889586461297
dkasc_7,-0.8,-0.8036863568629815,-1.0,6.41170431211499,-0.9096948536977119,-0.8969400144022727,-0.9095245004732689,0.5311430527036276,0.6570841889117043,-0.9114665655920036,-0.012754839295439191,0.0017717118942917054,-0.00017035322444292067
dkasc_7,-0.8,-0.8036863568629815,-2.0,6.41170431211499,-1.8315468657139935,-1.7938800288045453,-1.8282361171129344,0.5311430527036276,0.6570841889117043,-1.8350708465809875,-0.037666836909448165,0.0035239808669940142,-0.003310748601059066
dkasc_7,-2.0,-2.0253028292651076,-0.5,6.41170431211499,-0.38043961866332143,-0.3701435711626222,-0.3812231431668649,0.5311430527036276,0.6570841889117043,-0.3821563709817939,-0.010296047500699235,0.0017167523184724587,0.0007835245035434646
dkasc_7,-2.0,-2.0253028292651076,-1.0,6.41170431211499,-0.763456315312836,-0.7402871423252444,-0.764361980520498,0.5311430527036276,0.6570841889117043,-0.7668404401594161,-0.02316917298759158,0.0033841248465801277,0.0009056652076619987
dkasc_7,-2.0,-2.0253028292651076,-2.0,6.41170431211499,-1.537106789536859,-1.4805742846504888,-1.5364447891270616,0.5311430527036276,0.6570841889117043,-1.5438926548028526,-0.056532504886370294,0.0067858652659935625,-0.0006620004097974697
pvdaq_1423,0.0,0.0,-0.5,4.280287474332649,-0.5009019851846708,-0.5,-0.5012531328320802,0.4969199178644764,0.4969199178644764,-0.5012453941003314,-0.0009019851846707727,0.0003434089156606479,0.00035114764740939997
pvdaq_1423,0.0,0.0,-1.0,4.280287474332649,-1.0043049803929283,-1.0,-1.0050251256281406,0.4969199178644764,0.4969199178644764,-1.0049940154360477,-0.004304980392928259,0.000689035043119457,0.000720145235212355
pvdaq_1423,0.0,0.0,-2.0,4.280287474332649,-2.0186893023116994,-2.0,-2.0202020202020203,0.4969199178644764,0.4969199178644764,-2.0200763232122116,-0.018689302311699407,0.001387020900512237,0.0015127178903209249
pvdaq_1423,-0.8,-0.8026425717754526,-0.5,4.280287474332649,-0.47004773885755213,-0.4656445905366339,-0.47083489062206624,0.4969199178644764,0.4969199178644764,-0.47080283788270094,-0.00440314832091826,0.0007550990251488088,0.0007871517645141046
pvdaq_1423,-0.8,-0.8026425717754526,-1.0,4.280287474332649,-0.9424091528146106,-0.9312891810732677,-0.9440357857196203,0.4969199178644764,0.4969199178644764,-0.9439568724051232,-0.011119971741342827,0.0015477195905125862,0.0016266329050097506
pvdaq_1423,-0.8,-0.8026425717754526,-2.0,4.280287474332649,-1.8942820985687348,-1.8625783621465355,-1.8976072864465094,0.4969199178644764,0.4969199178644764,-1.8973893364446432,-0.03170373642219926,0.0031072378759084973,0.0033251878777746935
pvdaq_1423,-2.0,-2.0186893023116994,-0.5,4.280287474332649,-0.42327017381450993,-0.41359429464745917,-0.4247496151970102,0.4969199178644764,0.4969199178644764,-0.4246807254264331,-0.00967587916705076,0.001410551611923161,0.0014794413825002795
pvdaq_1423,-2.0,-2.0186893023116994,-1.0,4.280287474332649,-0.8486452387988006,-0.8271885892949183,-0.8516336505708898,0.4969199178644764,0.4969199178644764,-0.8514823129510378,-0.021456649503882264,0.002837074152237218,0.0029884117720891945
pvdaq_1423,-2.0,-2.0186893023116994,-2.0,4.280287474332649,-1.7058624350735982,-1.6543771785898367,-1.7118696612485564,0.4969199178644764,0.4969199178644764,-1.711511942964219,-0.051485256483761566,0.005649507890620686,0.006007226174958191
pvdaq_1430,0.0,0.0,-0.5,4.332306639288158,-0.500882592503116,-0.5,-0.5012531328320802,0.49007529089664614,0.49007529089664614,-0.5012281977741488,-0.0008825925031159532,0.0003456052710328894,0.0003705403289642195
pvdaq_1430,0.0,0.0,-1.0,4.332306639288158,-1.0042311060119657,-1.0,-1.0050251256281406,0.49007529089664614,0.49007529089664614,-1.004924888570957,-0.004231106011965746,0.0006937825589912183,0.000794019616174868
pvdaq_1430,0.0,0.0,-2.0,4.332306639288158,-2.018401075248577,-2.0,-2.0202020202020203,0.49007529089664614,0.49007529089664614,-2.0197970525617275,-0.018401075248577037,0.0013959773131504427,0.0018009449534432953
pvdaq_1430,-0.8,-0.8025946136846984,-0.5,4.332306639288158,-0.4699284630839684,-0.4652291402647687,-0.4704181587300172,0.49007529089664614,0.49007529089664614,-0.47031490672613896,-0.004699322819199714,0.00038644364217055305,0.0004896956460487822
pvdaq_1430,-0.8,-0.8025946136846984,-1.0,4.332306639288158,-0.9421645404796786,-0.9304582805295374,-0.9432002278054114,0.49007529089664614,0.49007529089664614,-0.9429460619611642,-0.011706259950141185,0.0007815214814855809,0.0010356873257327814
pvdaq_1430,-0.8,-0.8025946136846984,-2.0,4.332306639288158,-1.893665075184381,-1.8609165610590748,-1.8959277306391602,0.49007529089664614,0.49007529089664614,-1.895225900298088,-0.03274851412530633,0.0015608251137069207,0.0022626554547791056
pvdaq_1430,-2.0,-2.018401075248577,-0.5,4.332306639288158,-0.4230299552265837,-0.41255667620954234,-0.42370795146444634,0.49007529089664614,0.49007529089664614,-0.4234860614242436,-0.01047327901704137,0.0004561061976599001,0.0006779962378626325
pvdaq_1430,-2.0,-2.018401075248577,-1.0,4.332306639288158,-0.8482284658176633,-0.8251133524190847,-0.8495450886146436,0.49007529089664614,0.49007529089664614,-0.849057744512355,-0.023115113398578635,0.0008292786946917374,0.0013166227969803046
pvdaq_1430,-2.0,-2.018401075248577,-2.0,4.332306639288158,-1.7051380191363705,-1.6502267048381694,-1.7076714407506475,0.49007529089664614,0.49007529089664614,-1.7065199094227366,-0.054911314298201175,0.0013818902863660387,0.002533421614276943
pvdaq_2107,0.0,0.0,-0.5,3.263175906913073,-0.5009572337498769,-0.5,-0.5012531328320802,0.5010266940451745,0.5174537987679672,-0.5012969901593445,-0.0009572337498768846,0.00033975640946759533,0.0002958990822032881
pvdaq_2107,0.0,0.0,-1.0,3.263175906913073,-1.0045272049478267,-1.0,-1.0050251256281406,0.5010266940451745,0.5174537987679672,-1.0052014531043594,-0.004527204947826657,0.0006742481565327196,0.0004979206803139569
pvdaq_2107,0.0,0.0,-2.0,3.263175906913073,-2.0195869733613705,-2.0,-2.0202020202020203,0.5010266940451745,0.5174537987679672,-2.0209145987218857,-0.019586973361370497,0.0013276253605152277,0.0006150468406498355
pvdaq_2107,-0.8,-0.8027844252514627,-0.5,3.263175906913073,-0.4787360373935734,-0.47380373205074366,-0.47901519215739446,0.5010266940451745,0.5174537987679672,-0.4790653672876966,-0.004932305342829735,0.00032932989412320923,0.00027915476382106563
pvdaq_2107,-0.8,-0.8027844252514627,-1.0,3.263175906913073,-0.9599607024016743,-0.9476074641014873,-0.9604374958331678,0.5010266940451745,0.5174537987679672,-0.9606225706172627,-0.012353238300186975,0.0006618682155884459,0.0004767934314935385
pvdaq_2107,-0.8,-0.8027844252514627,-2.0,3.263175906913073,-1.9299787227232634,-1.8952149282029747,-1.9305763805131353,0.5010266940451745,0.5174537987679672,-1.931290659028349,-0.03476379452028877,0.001311936305085526,0.0005976577898718638
pvdaq_2107,-2.0,-2.0195869733613705,-0.5,3.263175906913073,-0.4450472796794003,-0.4340973244661168,-0.44530853065957254,0.5010266940451745,0.5174537987679672,-0.44536828185860877,-0.010949955213283458,0.00032100217920849605,0.00026125098017226733
pvdaq_2107,-2.0,-2.0195869733613705,-1.0,3.263175906913073,-0.8923948969419668,-0.8681946489322336,-0.8928547926289923,0.5010266940451745,0.5174537987679672,-0.8930531259494742,-0.024200248009733194,0.0006582290075073383,0.0004598956870254245
pvdaq_2107,-2.0,-2.0195869733613705,-2.0,3.263175906913073,-1.7942012478623424,-1.7363892978644673,-1.7947283205370652,0.5010266940451745,0.5174537987679672,-1.7954451757822278,-0.05781194999787509,0.0012439279198854791,0.0005270726747228505
