system_id,model,condition,val_rmse,abs_diff_rdtools,recovery_error
dkasc_10,tcn,finetune_6,0.03506936281919476,0.24970057554010427,-0.002887823186020322
dkasc_10,tcn,scratch_24,0.01991018094122404,0.2443337055721495,-0.01650206429938561
dkasc_10,tcn,scratch_6,0.03209651410579676,0.26687097947735494,0.0242180574519254
dkasc_10,tcn,zero_shot,0.0721856772899627,0.03099542391646204,0.010179531142369358
dkasc_10,xgboost,finetune_6,0.03201735541224474,0.13772786139497417,0.015976789473883257
dkasc_10,xgboost,scratch_24,0.019122738763689962,0.13211086544983863,0.025507004334993977
dkasc_10,xgboost,scratch_6,0.02524945661425586,0.2392653965915137,0.008447853712874376
dkasc_10,xgboost,zero_shot,0.06119249165058131,0.005595525780858868,0.04641887175926185
dkasc_11,tcn,finetune_6,0.03184017874300476,0.09552064699082052,-0.005257990836978643
dkasc_11,tcn,scratch_24,0.01782117970287796,0.16380462304951804,-0.0562234243568589
dkasc_11,tcn,scratch_6,0.02724002413451666,0.1079103731587594,0.015608090799117957
dkasc_11,tcn,zero_shot,0.07401917427778242,0.22512218313758692,0.02426091547362519
dkasc_11,xgboost,finetune_6,0.03153496086597438,0.2181662296843183,-0.014361205120360432
dkasc_11,xgboost,scratch_24,0.01721908561885352,0.20836098767752387,-0.0008655039603436832
dkasc_11,xgboost,scratch_6,0.02278643995523448,0.09929510404115383,-0.0064822396960216855
dkasc_11,xgboost,zero_shot,0.06357710957527155,0.3362691280424379,-0.0530202658427521
dkasc_12,tcn,finetune_6,0.031750216707587174,0.3886589306987853,-0.038298572740743775
dkasc_12,tcn,scratch_24,0.01830868683755392,0.34542317584994064,-0.03345103793209869
dkasc_12,tcn,scratch_6,0.027220568433403942,0.3504679977741063,-0.004937483194724757
dkasc_12,tcn,zero_shot,0.07817903310060495,0.49788548131273047,0.0005535000237860688
dkasc_12,xgboost,finetune_6,0.03079453893005842,0.16326192221419955,-0.01914288060319269
dkasc_12,xgboost,scratch_24,0.0177113208919763,0.24504606329788747,-0.017187279630090035
dkasc_12,xgboost,scratch_6,0.02245322279632086,0.3908651653621804,-0.039529206516315196
dkasc_12,xgboost,zero_shot,0.06729334145784374,0.2078293583789963,-0.03229536468951477
dkasc_13,tcn,finetune_6,0.0483448155224323,0.16503311867424464,0.02286581115923325
dkasc_13,tcn,scratch_24,0.026467489451169925,0.0194129602494294,-0.017353357673163483
dkasc_13,tcn,scratch_6,0.04591564759612078,0.15837219367015498,0.01921466753393475
dkasc_13,tcn,zero_shot,0.0846492767333984,0.010101411208384925,0.03468240522776367
dkasc_13,xgboost,finetune_6,0.04857005551457402,0.03946672060838774,0.022802528208452633
dkasc_13,xgboost,scratch_24,0.027128325030207602,0.0008035412654856522,-0.027751190514014312
dkasc_13,xgboost,scratch_6,0.04497095122933384,0.10712133396486134,0.03281910354601747
dkasc_13,xgboost,zero_shot,0.07087612897157662,0.05653033863129109,0.017899787130072675
dkasc_14,tcn,finetune_6,0.03477590233087534,0.26610466208710304,-0.0014453426804775793
dkasc_14,tcn,scratch_24,0.02230156585574144,0.3504139247785685,-0.028168815478044174
dkasc_14,tcn,scratch_6,0.03106310628354546,0.42047473948438263,-0.025620585963190612
dkasc_14,tcn,zero_shot,0.056923089176416364,0.23397308799606797,-0.004551713067712626
dkasc_14,xgboost,finetune_6,0.03396433368325228,0.29557492972233756,-0.023974316954394448
dkasc_14,xgboost,scratch_24,0.020383847877383197,0.312381299053313,-0.0245535398514678
dkasc_14,xgboost,scratch_6,0.026819884777069057,0.29513408599768565,-0.0024366285414950672
dkasc_14,xgboost,zero_shot,0.05107229202985758,0.23369998018516025,0.042703721425856545
dkasc_17,tcn,finetune_6,0.03039398267865176,0.15901578265964322,-0.004610429806476857
dkasc_17,tcn,scratch_24,0.0187022197991609,0.08674784072422592,-0.033998287445125785
dkasc_17,tcn,scratch_6,0.02751908041536804,0.0676355184359021,-0.03670990822400699
dkasc_17,tcn,zero_shot,0.04725483134388918,0.040941583011255056,-0.02308308582133345
dkasc_17,xgboost,finetune_6,0.029491163045167877,0.06552903853103198,-0.00978331623093287
dkasc_17,xgboost,scratch_24,0.01817931607365604,0.038802563257948064,-0.03612893529414496
dkasc_17,xgboost,scratch_6,0.0230897791683673,0.06876235256514984,-0.010325864625238212
dkasc_17,xgboost,zero_shot,0.0423071168363094,0.07152997827496393,0.02121010901076803
dkasc_18,tcn,finetune_6,0.03714701980352399,0.1489307368522686,-0.042974391512038745
dkasc_18,tcn,scratch_24,0.025951281189918463,0.11810193921869094,-0.032639091615558447
dkasc_18,tcn,scratch_6,0.03514243289828296,0.12830465433872174,-0.06849528558916007
dkasc_18,tcn,zero_shot,0.058210835605859726,0.02625854048726961,0.0175357178661929
dkasc_18,xgboost,finetune_6,0.034514407813548996,0.048052556701495,0.024477344760058473
dkasc_18,xgboost,scratch_24,0.02411258518695828,0.1452918107441875,0.02045172832341957
dkasc_18,xgboost,scratch_6,0.0300193071365356,0.14459538105970865,0.014032517869250971
dkasc_18,xgboost,zero_shot,0.05651047751307484,0.054089908759503175,0.03523913847825988
dkasc_19,tcn,finetune_6,0.028324269875884,0.10977494874658833,0.010518608910467964
dkasc_19,tcn,scratch_24,0.01845702379941936,0.0685898509306554,-0.018516716387473875
dkasc_19,tcn,scratch_6,0.02481216490268702,0.11414819306535773,0.010398478222161778
dkasc_19,tcn,zero_shot,0.06060377731919284,0.02244110350643369,0.00308780326948932
dkasc_19,xgboost,finetune_6,0.0278111100196838,0.04296345850644234,0.022382545137781706
dkasc_19,xgboost,scratch_24,0.017852877452969502,0.0359048322499077,0.03118240382158477
dkasc_19,xgboost,scratch_6,0.02100869938731188,0.04049368778241924,0.008534395773449055
dkasc_19,xgboost,zero_shot,0.052934724092483475,0.09638653598994695,-0.01739120598757804
dkasc_20,tcn,finetune_6,0.02799376361072058,0.0852676470793714,-0.07461142282958177
dkasc_20,tcn,scratch_24,0.018861825391650138,0.1703265396713065,-0.08405285884587554
dkasc_20,tcn,scratch_6,0.0268797848373651,0.09963312895270171,-0.0709889267284538
dkasc_20,tcn,zero_shot,0.06732948347926136,0.19228316833537873,-0.03337674396199908
dkasc_20,xgboost,finetune_6,0.02763310670852656,0.23047063658135025,-0.033674097214788534
dkasc_20,xgboost,scratch_24,0.01813664175570006,0.3231673572618865,-0.07052201578840278
dkasc_20,xgboost,scratch_6,0.02093552276492114,0.1897817595647724,-0.05584264595517541
dkasc_20,xgboost,zero_shot,0.05883320048451418,0.09177444228203457,-0.01831816420575627
dkasc_21,tcn,finetune_6,0.03202178515493866,0.23581961800566265,-0.013525195743887553
dkasc_21,tcn,scratch_24,0.01987229958176608,0.21962617433588494,-0.003954197237255763
dkasc_21,tcn,scratch_6,0.027758606150746302,0.21497838433834593,-0.009062204351688363
dkasc_21,tcn,zero_shot,0.07547684907913206,0.24459474572166018,-0.009585050856017352
dkasc_21,xgboost,finetune_6,0.03008803874254224,0.11292522667683791,0.016576898588846478
dkasc_21,xgboost,scratch_24,0.01850019395351404,0.14747747285342516,0.033531803998425924
dkasc_21,xgboost,scratch_6,0.02260060161352152,0.21294115495673682,0.00850131714515856
dkasc_21,xgboost,zero_shot,0.06778716444969171,0.017687992252313656,0.016783137863351505
dkasc_7,tcn,finetune_6,0.034545531868934595,0.19575767700732216,0.02722976702336377
dkasc_7,tcn,scratch_24,0.01895160712301728,0.277788937654198,0.018454836301445066
dkasc_7,tcn,scratch_6,0.030597610771655997,0.30380507295682113,0.03582359534253987
dkasc_7,tcn,zero_shot,0.11020356118679042,0.08863525707355824,0.01604027528791574
dkasc_7,xgboost,finetune_6,0.03379404619336124,0.25399306652765563,0.0260322197983055
dkasc_7,xgboost,scratch_24,0.0179852213710546,0.3366809914815849,0.050644760010222556
dkasc_7,xgboost,scratch_6,0.02589055374264712,0.3185462808324291,0.03985349030449292
dkasc_7,xgboost,zero_shot,0.09946602433919902,0.13165865408045418,-0.05050200719969
dkasc_8,tcn,finetune_6,0.03167774304747578,0.2533558651253175,-0.04297859439751084
dkasc_8,tcn,scratch_24,0.018509696796536378,0.1367754365777537,-0.01425704649739723
dkasc_8,tcn,scratch_6,0.02659257873892778,0.1832928755777129,-0.04585622343129603
dkasc_8,tcn,zero_shot,0.085795846581459,0.012317780970963699,0.040944943116079435
dkasc_8,xgboost,finetune_6,0.0331989042460918,0.1543895207350875,0.01890789041221652
dkasc_8,xgboost,scratch_24,0.01869967803359026,0.09777513967912577,-0.04477597015879553
dkasc_8,xgboost,scratch_6,0.02569527551531788,0.22819655210438172,0.01200267860824511
dkasc_8,xgboost,zero_shot,0.07119478732347484,0.013569239340015526,0.03148632340694202
pvdaq_1423,tcn,finetune_6,0.07414833903312677,0.2086823883606736,0.04713650461374752
pvdaq_1423,tcn,scratch_24,0.04919756054878232,0.014530452749700051,-0.0018258597863809456
pvdaq_1423,tcn,scratch_6,0.1883177205920219,0.1418763986426152,0.011653850716426328
pvdaq_1423,tcn,zero_shot,0.09960896372795101,0.15396844108337138,1.9700007280909482e-05
pvdaq_1423,xgboost,finetune_6,0.0690814390778541,0.0032939280586797293,-0.0138436103737678
pvdaq_1423,xgboost,scratch_24,0.05544935688376422,0.17524782770613095,0.060118872162648884
pvdaq_1423,xgboost,scratch_6,0.0721264988183975,0.13107515293698774,-0.02037814126132753
pvdaq_1423,xgboost,zero_shot,0.09663632363080972,0.024583995706949413,0.04262589598758326
pvdaq_1430,tcn,finetune_6,0.05956115201115604,0.15434719496079058,0.04765379860882546
pvdaq_1430,tcn,scratch_24,0.045931600034236866,0.04361207457207672,0.05829553160739853
pvdaq_1430,tcn,scratch_6,0.06896478682756418,0.07677386965474065,0.017542403810972274
pvdaq_1430,tcn,zero_shot,0.10352415293455117,0.2610279761885201,0.016549184521430838
pvdaq_1430,xgboost,finetune_6,0.057832410931587176,0.1577590688451806,0.01729671827540069
pvdaq_1430,xgboost,scratch_24,0.04440019205212588,0.05673208303216076,0.04932084629222644
pvdaq_1430,xgboost,scratch_6,0.05485613718628877,0.16710627186375837,0.007932004664604086
pvdaq_1430,xgboost,zero_shot,0.07659574449062342,0.19668860648118142,0.027964136357571445
pvdaq_2107,tcn,finetune_6,0.06522694826126096,0.27250254707635824,-0.11731909458673462
pvdaq_2107,tcn,scratch_24,0.05222197696566576,0.42627205482112374,0.07615420326555478
pvdaq_2107,tcn,scratch_6,0.11403402388095851,0.36129029699085424,-0.0455058300747051
pvdaq_2107,tcn,zero_shot,0.08730199337005612,0.030971777312093884,-0.11981690267938183
pvdaq_2107,xgboost,finetune_6,0.06486173570156094,0.1832180168238433,-0.06623541094010954
pvdaq_2107,xgboost,scratch_24,0.0525289125740528,0.2037764038026899,0.09298059953047122
pvdaq_2107,xgboost,scratch_6,0.06709712296724314,0.35127034995951745,-0.06672361120099257
pvdaq_2107,xgboost,zero_shot,0.08408557474613185,0.45978908535742846,-0.2507919231647102
