method,-2.0,-1.0,-0.5,-0.25
gru,1.0482964252173366,1.0643482863936236,1.081525524122109,1.091607731233466
informer,1.029914331429259,1.1035223692418912,1.067175451386844,0.6787913194665248
khd,0.9905019958637807,0.9801155998516214,0.96839575693122,0.9691806363477194
khd_24,0.9527334646526705,0.9763680697378649,0.9427237081503037,0.9444890608825659
khd_linear,1.001862258472133,1.000714029523044,0.9973327016064792,1.0015531634830295
khd_no_correction,,1.000893436236483,,
khd_no_physics,,1.0001663197585726,,
lstm,1.051576525929876,1.0623176340561729,1.012869647117099,0.9779603557306279
patchtst,1.0372273326028028,1.015833026247546,1.003533368698099,0.9962008597157369
random_forest,0.88753188328225,0.9490211577706481,1.0203281596996439,0.9288285363977349
reference,1.0601716714950344,1.0306653945238573,0.9845401713594634,0.9663576302460486
reference_clearsky,1.062096304990901,1.076766632295747,1.1234524432025834,1.0829986722363107
reference_fitted,1.070178648097595,1.0800740896363208,1.116006285116944,1.1148416509421175
tcn,0.9893075270141396,0.9636859197067131,0.8803274340446654,0.9909309141513973
tcn_full,0.9961674600665825,1.0547709589363898,1.0741593027246077,1.3230895141072831
xgboost,1.0155500732524967,1.0144450434269685,0.9759423102631664,1.0032324589545767
xgboost_full,0.8829284533525965,0.8161223464959875,0.7664289068852783,0.6587494364307388
xgboost_w24,0.9683614217008372,0.9249371333857976,0.926673312506493,0.8962985935433486
