,min,min,min,min,min,min,min,min,min,min,min,min,min,min,min,min,min,min,min,min,max,max,max,max,max,max,max,max,max,max,max,max,max,max,max,max,max,max,max,max
method,gru,informer,khd,khd_24,khd_linear,khd_no_correction,khd_no_physics,lstm,patchtst,random_forest,reference,reference_clearsky,reference_fitted,reference_inverter,reference_physical,tcn,tcn_full,xgboost,xgboost_full,xgboost_w24,gru,informer,khd,khd_24,khd_linear,khd_no_correction,khd_no_physics,lstm,patchtst,random_forest,reference,reference_clearsky,reference_fitted,reference_inverter,reference_physical,tcn,tcn_full,xgboost,xgboost_full,xgboost_w24
system_id,,,,,,,,,,,,,,,,,,,,,,,,,,,,,,,,,,,,,,,,
dkasc_10,0.9881747078598869,0.9695627752062437,0.989105559267348,1.01205415949697,0.9977294003744704,0.9938601794307951,0.9973199166322979,0.9997653749704292,1.0222578653224021,0.9076828144681468,1.011667608077211,0.9946521690667507,0.9748840908052827,1.0148598331840175,0.973714585616422,1.001351861978603,0.8257878960986315,0.9866884621765676,0.7981814146684553,0.9405630111892331,1.013025119790606,1.0298048688824197,1.0061832951074547,1.0483670325363876,1.0031518311534962,0.9938601794307951,0.9973199166322979,1.0177852623228112,1.0498852957288156,1.0189084661130186,1.0429493070210494,1.0175078653368956,1.0060784224815913,1.0283399734546899,1.0081505676903477,1.0437597789491682,1.0095719821701294,1.0268582538500732,0.876463078776262,1.059732228654902
dkasc_11,0.9702629121350634,0.9957310593075422,0.9863835022392077,1.0222544964463829,0.9885449045586454,1.0055946581315955,0.9967575426364115,0.9616091105956043,0.9705395898264338,0.9991825134935645,1.0414250737529611,1.020516686849683,0.9962813763094662,1.0382184664961978,0.9957395883061132,1.0498936243797445,1.0052914706993479,0.9413028444731687,0.8714873656160051,1.0929062507415177,0.996183933668151,1.01762700951612,1.0004927323770243,1.0476709097808057,1.0050960833782194,1.0055946581315955,0.9967575426364115,1.0153312600269797,1.0124138144959502,1.040716040114147,1.0919638845290744,1.0654100536362903,1.0542991712940604,1.0895341827300329,1.0451673580269132,1.0807879874303694,1.1587750120712295,1.0166939284598353,0.9324941792261735,1.1312094023478096
dkasc_12,0.9564086548323973,0.8910241664075298,0.9811293680792628,0.9689250167472987,1.0017143428083077,1.00091488928185,0.9992624328150814,1.0191448818316404,1.0151864959025205,1.0190273842335125,0.9970881914653248,0.9880333183372791,0.9445377404765795,0.9925933647401747,1.0163172469265913,1.0201356422723729,0.6103093651555108,0.9545905891646969,0.8545083273836559,1.0291644587515578,1.0436941007362472,1.0347419056623162,1.006630478781771,1.0225356380028454,1.0153261664474793,1.00091488928185,0.9992624328150814,1.0386609458854619,1.046949192855271,1.065684352460982,1.0099379216250222,1.072699047871148,1.021262009713554,1.0206031157477502,1.0518733110825171,1.1510211970139574,1.0407127219421282,1.0301623415475918,0.9174977578675646,1.1199952916295133
dkasc_13,0.8340995121270649,0.9970455613706667,0.9747294854568023,1.0134102025744323,0.9930585178824931,0.9998787041906764,0.9837621847580427,0.9826924924570842,0.943784576936975,0.9481139894491271,0.9909582500845052,0.9739956465966516,0.9741703052412763,0.979796248830743,0.9524154919664878,1.0096449141412902,0.867717426759881,0.9961583152184115,0.8055178141257933,0.9386462553491128,0.9731038861908096,1.0269146926633015,0.9888303122405133,1.0386865719352427,1.0019521775395095,0.9998787041906764,0.9837621847580427,0.9968199845997217,0.9960671575336695,0.9942759571005801,1.0037507065402766,1.0006271659610775,1.028885801979196,0.9965580668417494,0.9936163637315698,1.1883265144757298,1.0086756955395346,1.0161811709126023,0.8497812568166949,0.9986582480149675
dkasc_14,0.9576544393518828,1.0215128244590561,1.0007319267816432,1.0368833847701722,0.9943912612592508,1.0037021478148567,1.004640847111904,0.9582981936509243,1.036443332266788,1.01880301715098,1.029278246588808,1.0355027891550392,1.04226727230557,1.0243663753817143,1.041031741910188,0.9553854549126992,0.6154039912698435,0.9654156012599668,0.9020641475579015,0.9194268800808314,1.0378489814103211,1.0420899885633523,1.0107576844381625,1.085799107845452,1.0047075864733062,1.0037021478148567,1.004640847111904,1.022031051614191,1.0952687155634777,1.0479460733333907,1.0339007227184158,1.0508335347778617,1.060361433468056,1.0465607958178615,1.0503957987328691,1.037387589235651,0.9513314199687126,1.0461998136735464,0.9301314176875859,1.1133658639607424
dkasc_17,1.029721314681272,0.9834967353701187,0.9882488161773638,1.012925715732844,0.996843383414905,1.003855507469124,0.999450873075966,0.9763362991049214,1.0212627596280581,0.9055589627355233,1.0196608334213442,0.986864432160981,1.0181401287383203,1.004323246101194,1.0118060345528104,1.0343818971433656,0.9794697373968551,1.0222591941245218,0.9060029460384825,0.925075471385214,1.0434040460828913,1.0640267904887384,0.9968322368327553,1.0482327402829323,1.0002398345846448,1.003855507469124,0.999450873075966,1.0271568753346814,1.0456229275469573,0.9985516939477136,1.0248571106079891,1.006435789313366,1.0387925532524291,1.0205181341003031,1.0486631503176682,1.0766324210796152,1.0199512674191376,1.056448322805274,0.9363001185977488,1.0286649395954437
dkasc_18,0.9930871600611961,1.021655760785465,0.9828087909618338,0.9810171983726951,0.9981780768337203,0.9988102034174973,0.998133017252141,1.0059058139574595,0.9941843993644314,0.8962063746889162,0.9977256134852263,0.9936396276703902,1.0004180597483008,0.9891229317527999,0.9124600196916259,0.983996015733803,0.9850146380724645,0.9428294453261327,0.839650804448642,0.8527704208070197,1.0181667232532683,1.036234538185508,0.994681864040465,1.069535936511976,1.0006615751101406,0.9988102034174973,0.998133017252141,1.02949426094051,1.029537018561856,0.9842253538856075,1.013024168679797,1.033740351801269,1.0253027687249254,0.9963024064879265,0.9729407708612738,1.0241957855944683,1.026181723582524,0.9889150988545253,0.8816341840026493,0.9954216284031796
dkasc_19,0.991363403318387,1.0082842304216035,0.9753888124837874,0.9750745204169486,0.9966256858231485,0.9962253407988378,1.0019540333087689,0.9629158480559569,0.9894884576627618,0.9105788721656837,0.9976973753339604,0.9923430897281059,0.9992743534630618,0.9958146315094774,0.9663785787814674,1.008543202308634,0.7479760959616852,0.9711187042695388,0.8771310546941447,0.9471400166222814,1.0045637917527253,1.0324738021306816,0.9933870166683827,1.0339322513776608,1.0021076154022048,0.9962253407988378,1.0019540333087689,1.0194427204759515,1.0562478724807844,0.958941196598952,1.0130744054057903,1.0465582781000475,1.0308752293774508,1.0149892089224823,0.9968489733313342,1.029958939159538,0.980434065776755,1.0181417938087884,0.9036946655819743,0.9867274579019834
dkasc_20,1.077173706878259,1.0209122051043633,1.0287455921304849,0.9946246787079758,1.0230721851405125,1.0224534329825188,1.0158185399937887,1.081409316746999,1.0553179267405985,1.0959152790626157,1.1238306111571925,1.1281836549508573,1.1295790022729564,1.0564389803814787,1.1304025666747277,1.0942569756357805,0.9741557201694911,1.0572410933171588,0.8724834276245618,1.1882492899471013,1.1226118706227124,1.0705749748346016,1.030225379428154,1.0809616583627428,1.0244829252462258,1.0224534329825188,1.0158185399937887,1.1128523435424356,1.087018283793486,1.153686142590547,1.1677951065313463,1.165259289168964,1.1609230176361012,1.1178647175492615,1.2502202506730273,1.1372913157813376,1.458775117372075,1.1064841626892403,0.9545335405578695,1.2578227262764297
dkasc_21,0.9819995145150917,0.9737477121439667,0.9920949003486667,0.9912486781942837,0.9944220777478094,1.0073009314553005,0.9915721246157769,0.9991473197147923,0.9652946140041352,0.9292888964739696,1.001226810897728,0.9588523383029807,0.9842036947970831,0.991611938520406,0.972149890794943,0.9816214050648755,0.8717014823380149,0.9454116590753648,0.8722485343003653,1.0194997956486298,0.9976913353205276,1.0232523456819163,1.0109922267470164,1.0388147135033534,1.0010253955041841,1.0073009314553005,0.9915721246157769,1.0089711483559567,1.0065729897733455,0.9993602341421506,1.019184921031357,1.0063497916888822,1.0136020680797766,1.0214992447368039,1.0054800751967097,1.0140960397846794,0.9159836587195821,0.9858313485902057,0.9021978717659124,1.0738970178661194
dkasc_7,0.9358081319183839,0.9325591768642715,1.0016606053096853,0.9573929845720367,1.0041346516439027,1.0213701517355105,0.9944518443596021,0.9442451734842482,0.9586905470371195,0.9429473686111117,0.935759673686528,0.9478718100662961,0.9165528976106853,0.9576567261233183,0.7820350863900238,0.946966327922608,0.8369523896361644,0.9216103944324191,0.7812430623667804,1.0354006861452778,0.9582784514398072,0.9922241318797348,1.004708123833042,0.9969019218658891,1.013208983574368,1.0213701517355105,0.9944518443596021,1.107175956231659,1.0025583508409652,1.0106244333013343,0.9637588248388654,0.9855526084540582,0.9542940262425457,0.9716837830189772,0.9479313905625101,1.0271844512721289,0.8830120888894388,0.9787787231708435,0.8902078793811611,1.1148741775745432
dkasc_8,1.0108498876354464,1.0079468919982435,0.9854099697094738,1.0123765620786345,1.0059959969073913,0.9950333082531495,0.9982269932813219,0.9946627944095074,0.9721613238493342,0.8812334464773843,0.991349214885945,0.9456787001645949,0.9779417082384291,0.9864872880714665,0.9479140612061026,0.9861293543891637,0.9721819328525281,1.022531226155543,0.858521258028959,0.876923720161347,1.0672373778302873,1.1084991732649383,1.0040250285671164,1.065597150868404,1.0087534706814767,0.9950333082531495,0.9982269932813219,1.0229577732688715,1.0213451376515281,0.9315638564134974,1.0234545873140888,1.01103584672272,1.064514812932249,1.0616138065123926,0.9830801816477094,1.018624082723535,1.1975508466782503,1.0407408535548608,0.889331815407292,0.9693464928599568
pvdaq_10,0.9976684825544329,1.00037745001748,0.9988976460299289,1.0074883857789134,0.9907269370922831,1.0052959480573485,1.0034894765455356,1.0072759790403565,1.014970747616555,1.0532038436797393,1.0284460996447422,1.0561813283773192,0.991300425141827,1.009518406970133,1.0289302787132784,1.0354502288938081,0.9993985325331132,1.0198093483755635,0.9229122145864079,1.0463733337124907,1.029275455103612,1.025921076226195,1.0052750181050238,1.0324379625959255,1.0034093287970918,1.0052959480573485,1.0034894765455356,1.0315195476137744,1.024027938504785,1.0652602729998777,1.0750608977458644,1.1138927317657117,1.0007143236278624,1.0360971352862167,1.0568914358148138,1.0642668060030525,1.0783215883760309,1.041148094129774,0.9531685324827323,1.0759066662596006
pvdaq_1278,0.9969770086536955,0.9491076992207439,0.9968948114968976,0.9597703267996338,0.9887439636000597,1.0007815078758437,0.9823136760456662,0.9930938589803439,1.0047369950406788,0.7006158854201296,1.0244015979027246,,0.9873794972298382,1.018381963099234,1.0200812617495314,0.9743633685057425,0.7914067520078942,0.9702696472162036,0.7452154873545681,0.8948646004960161,1.0116480103257162,1.0077557596688087,1.0339043268322248,0.9871354888767285,0.9936324984394068,1.0007815078758437,0.9823136760456662,1.002665947730943,1.0175998099430394,0.8547664828947907,1.0449837313780004,,1.0070801820101667,1.0400073481219188,1.0806154955713259,1.0167592979193132,0.9338011452411873,0.9867667639601293,0.852558668478397,0.9575430780803298
pvdaq_1423,0.9599119106221686,0.9672955099993493,0.9879689182008329,0.9940641117475026,0.986637386605163,1.010628111538259,1.0024057993308007,0.9905012526468043,0.9900476721372312,0.6429464892590072,0.9907683362944701,0.9906909728398965,0.9923699492728851,0.983051863361445,1.005556648541641,0.9831796570104312,0.9189389742868646,0.9570075353607509,0.8212690299670651,0.9475403697119044,0.98927943143067,1.003526407915226,1.005057464775686,1.0436607255799055,1.0057349761858685,1.010628111538259,1.0024057993308007,1.00833167091306,1.0191037225902604,0.7440952601664422,1.0029290018534236,1.0160293511544347,1.0190476741444132,0.9929425364924155,1.022601175845344,1.0532657653569473,1.0528279283304747,0.9740177813637156,0.8953957215459514,0.967007997988277
pvdaq_1430,0.9485105265018121,0.857317822222896,0.9806113239118605,1.0104113064573066,0.9987157337450818,0.9988667889420582,1.009896215376213,0.9652401578840848,0.9014709686683747,0.8159918712770909,0.9803109544990072,,0.9533005307030089,0.9841262540470586,0.9602635646250982,0.8286076602695052,0.8014240504512368,0.9324789380138016,0.6900382833318051,0.9149503655497256,0.9670043287446624,0.9909402831775646,0.9961444677145005,1.091267819545396,1.0017788016833706,0.9988667889420582,1.009896215376213,0.9990556647651344,0.9902918311219147,0.875783784928785,1.0312044739961026,,1.0014106339391236,1.0107611866055963,0.994798030233536,0.9779928790481615,0.97309047413772,0.9965746449246741,0.8055457506690921,0.9344888509923716
pvdaq_2107,1.0482964252173366,0.6787913194665248,0.96839575693122,0.9427237081503037,0.9973327016064792,1.000893436236483,1.0001663197585726,0.9779603557306279,0.9962008597157369,0.88753188328225,0.9663576302460486,1.062096304990901,1.070178648097595,1.0483114324455176,0.9990592970561645,0.8803274340446654,0.9961674600665825,0.9759423102631664,0.6587494364307388,0.8962985935433486,1.091607731233466,1.1035223692418912,0.9905019958637807,0.9763680697378649,1.001862258472133,1.000893436236483,1.0001663197585726,1.0623176340561729,1.0372273326028028,1.0203281596996439,1.0601716714950344,1.1234524432025834,1.116006285116944,1.0826197518132543,1.0346036011297248,0.9909309141513973,1.3230895141072831,1.0155500732524967,0.8829284533525965,0.9683614217008372
pvdaq_33,0.930893171596801,0.8106894394066148,0.9993227375152359,0.9916223213429651,0.9983714255201392,0.9971556167234474,1.0029983659329929,1.0027062840829857,1.0007429840282462,0.8523072183467885,0.9935512070826008,0.9788071298061347,0.9802275003079788,0.9791689853432126,0.9961038946974252,0.923298635684249,0.97372030602474,0.980814012688983,0.9169374024393165,0.9623070350356362,0.9856235223294714,0.9868878278934531,1.013762974097389,0.9979384401578426,1.0004550362265077,0.9971556167234474,1.0029983659329929,1.0428019924493446,1.02879262836074,0.954119661021569,1.0058047963622603,1.0336076446669686,1.0102652192857013,0.9883026446042635,1.002171004739043,0.9918100701337449,1.0629170427616095,0.9976328493993425,0.9558593351576494,0.9905957839981039
