site_id,climate,family,rate,seed,method,plr,error
alice_springs,BWh,pvwatts,-0.5,0,khd_24,-0.49100914607667423,0.00899085392332577
alice_springs,BWh,pvwatts,-0.5,1,khd_24,-0.48500083896774804,0.014999161032251962
alice_springs,BWh,pvwatts,-0.5,2,khd_24,-0.4930043740899966,0.006995625910003411
alice_springs,BWh,pvwatts,-1.0,0,khd_24,-1.011653748736529,-0.011653748736528913
alice_springs,BWh,pvwatts,-1.0,1,khd_24,-0.9905541696745621,0.009445830325437887
alice_springs,BWh,pvwatts,-1.0,2,khd_24,-1.0090818753279336,-0.009081875327933586
alice_springs,BWh,thin_film,-0.5,0,khd_24,-0.5094846667594587,-0.009484666759458693
alice_springs,BWh,thin_film,-0.5,1,khd_24,-0.5406040353555568,-0.04060403535555679
alice_springs,BWh,thin_film,-0.5,2,khd_24,-0.45889459147987965,0.041105408520120346
alice_springs,BWh,thin_film,-1.0,0,khd_24,-1.0334262062814266,-0.03342620628142656
alice_springs,BWh,thin_film,-1.0,1,khd_24,-0.9964098813137777,0.0035901186862222767
alice_springs,BWh,thin_film,-1.0,2,khd_24,-1.035229180920073,-0.0352291809200731
utrecht,Cfb,pvwatts,-0.5,0,khd_24,-0.5021846910727739,-0.002184691072773859
utrecht,Cfb,pvwatts,-0.5,1,khd_24,-0.49542519562975895,0.004574804370241048
utrecht,Cfb,pvwatts,-0.5,2,khd_24,-0.4986208575044045,0.001379142495595509
utrecht,Cfb,pvwatts,-1.0,0,khd_24,-1.0222708376745837,-0.02227083767458371
utrecht,Cfb,pvwatts,-1.0,1,khd_24,-0.9732617365733189,0.026738263426681064
utrecht,Cfb,pvwatts,-1.0,2,khd_24,-0.9625989819186052,0.03740101808139484
utrecht,Cfb,thin_film,-0.5,0,khd_24,-0.5067534505217375,-0.006753450521737481
utrecht,Cfb,thin_film,-0.5,1,khd_24,-0.47351208442121473,0.02648791557878527
utrecht,Cfb,thin_film,-0.5,2,khd_24,-0.5057917853440924,-0.005791785344092415
utrecht,Cfb,thin_film,-1.0,0,khd_24,-1.007710371310815,-0.0077103713108150895
utrecht,Cfb,thin_film,-1.0,1,khd_24,-0.9698177114180258,0.030182288581974248
utrecht,Cfb,thin_film,-1.0,2,khd_24,-0.999055508250327,0.0009444917496730376
sodankyla,Dfc,pvwatts,-0.5,0,khd_24,-0.5093183491093736,-0.00931834910937357
sodankyla,Dfc,pvwatts,-0.5,1,khd_24,-0.48879999210858555,0.011200007891414454
sodankyla,Dfc,pvwatts,-0.5,2,khd_24,-0.5151092924565911,-0.015109292456591095
sodankyla,Dfc,pvwatts,-1.0,0,khd_24,-0.9487922525310287,0.051207747468971276
sodankyla,Dfc,pvwatts,-1.0,1,khd_24,-0.9774136390080035,0.022586360991996512
sodankyla,Dfc,pvwatts,-1.0,2,khd_24,-0.9930910080844874,0.006908991915512641
sodankyla,Dfc,thin_film,-0.5,0,khd_24,-0.49302794411838474,0.006972055881615258
sodankyla,Dfc,thin_film,-0.5,1,khd_24,-0.4902387315296371,0.009761268470362905
sodankyla,Dfc,thin_film,-0.5,2,khd_24,-0.4710201569961576,0.028979843003842376
sodankyla,Dfc,thin_film,-1.0,0,khd_24,-0.965596489762274,0.03440351023772603
sodankyla,Dfc,thin_film,-1.0,1,khd_24,-0.9779392717566109,0.022060728243389116
sodankyla,Dfc,thin_film,-1.0,2,khd_24,-0.9892840456909158,0.01071595430908423
madrid,BSk,pvwatts,-0.5,0,khd_24,-0.5279049683417824,-0.027904968341782355
madrid,BSk,pvwatts,-0.5,1,khd_24,-0.5168288081309925,-0.016828808130992523
madrid,BSk,pvwatts,-0.5,2,khd_24,-0.4896250716712982,0.010374928328701793
madrid,BSk,pvwatts,-1.0,0,khd_24,-1.006880248671225,-0.006880248671224942
madrid,BSk,pvwatts,-1.0,1,khd_24,-0.9917288573793709,0.008271142620629113
madrid,BSk,pvwatts,-1.0,2,khd_24,-1.0133732525900168,-0.01337325259001676
madrid,BSk,thin_film,-0.5,0,khd_24,-0.5346519474283037,-0.03465194742830369
madrid,BSk,thin_film,-0.5,1,khd_24,-0.48985848579771085,0.010141514202289148
madrid,BSk,thin_film,-0.5,2,khd_24,-0.5105913650444432,-0.010591365044443246
madrid,BSk,thin_film,-1.0,0,khd_24,-1.001111963335859,-0.0011119633358589454
madrid,BSk,thin_film,-1.0,1,khd_24,-1.0533907765856827,-0.0533907765856827
madrid,BSk,thin_film,-1.0,2,khd_24,-1.014045901688379,-0.014045901688378937
nairobi,Aw,pvwatts,-0.5,0,khd_24,-0.5037138482060871,-0.0037138482060871114
nairobi,Aw,pvwatts,-0.5,1,khd_24,-0.49994665865971477,5.3341340285228966e-05
nairobi,Aw,pvwatts,-0.5,2,khd_24,-0.5257054939846242,-0.025705493984624184
nairobi,Aw,pvwatts,-1.0,0,khd_24,-1.024978658877405,-0.024978658877405024
nairobi,Aw,pvwatts,-1.0,1,khd_24,-1.0000519514967035,-5.195149670345067e-05
nairobi,Aw,pvwatts,-1.0,2,khd_24,-0.9958749701073324,0.004125029892667609
nairobi,Aw,thin_film,-0.5,0,khd_24,-0.4668140367759367,0.03318596322406331
nairobi,Aw,thin_film,-0.5,1,khd_24,-0.4712407114892674,0.028759288510732617
nairobi,Aw,thin_film,-0.5,2,khd_24,-0.5115029151083074,-0.011502915108307366
nairobi,Aw,thin_film,-1.0,0,khd_24,-0.9708441645142402,0.02915583548575984
nairobi,Aw,thin_film,-1.0,1,khd_24,-0.9588247538612445,0.04117524613875545
nairobi,Aw,thin_film,-1.0,2,khd_24,-0.9786001638925096,0.02139983610749041
cape_town,Csb,pvwatts,-0.5,0,khd_24,-0.48843187310621805,0.01156812689378195
cape_town,Csb,pvwatts,-0.5,1,khd_24,-0.4811761819692651,0.018823818030734907
cape_town,Csb,pvwatts,-0.5,2,khd_24,-0.497763474194715,0.0022365258052849946
cape_town,Csb,pvwatts,-1.0,0,khd_24,-1.009374831664328,-0.009374831664328065
cape_town,Csb,pvwatts,-1.0,1,khd_24,-0.9862066166434881,0.013793383356511923
cape_town,Csb,pvwatts,-1.0,2,khd_24,-0.9987426025627614,0.0012573974372386276
cape_town,Csb,thin_film,-0.5,0,khd_24,-0.48433290041804994,0.01566709958195006
cape_town,Csb,thin_film,-0.5,1,khd_24,-0.4913500588093814,0.008649941190618626
cape_town,Csb,thin_film,-0.5,2,khd_24,-0.4847281783540056,0.015271821645994388
cape_town,Csb,thin_film,-1.0,0,khd_24,-0.9915327043312661,0.008467295668733943
cape_town,Csb,thin_film,-1.0,1,khd_24,-0.9409380417096295,0.05906195829037053
cape_town,Csb,thin_film,-1.0,2,khd_24,-0.9494040896619033,0.05059591033809674
calama,BWk,pvwatts,-0.5,0,khd_24,-0.4767339211739197,0.023266078826080283
calama,BWk,pvwatts,-0.5,1,khd_24,-0.5124171138861369,-0.012417113886136866
calama,BWk,pvwatts,-0.5,2,khd_24,-0.5145656418472605,-0.014565641847260502
calama,BWk,pvwatts,-1.0,0,khd_24,-1.0063870695182116,-0.006387069518211552
calama,BWk,pvwatts,-1.0,1,khd_24,-0.9846656902481337,0.015334309751866337
calama,BWk,pvwatts,-1.0,2,khd_24,-0.9855364145965757,0.014463585403424295
calama,BWk,thin_film,-0.5,0,khd_24,-0.4829851553912528,0.017014844608747193
calama,BWk,thin_film,-0.5,1,khd_24,-0.5062539888866352,-0.006253988886635198
calama,BWk,thin_film,-0.5,2,khd_24,-0.5058247939766596,-0.005824793976659581
calama,BWk,thin_film,-1.0,0,khd_24,-1.0124267519472974,-0.012426751947297365
calama,BWk,thin_film,-1.0,1,khd_24,-0.9630610816141864,0.036938918385813646
calama,BWk,thin_film,-1.0,2,khd_24,-0.9932317927280091,0.0067682072719909
tokyo,Cfa,pvwatts,-0.5,0,khd_24,-0.5125203990363296,-0.012520399036329621
tokyo,Cfa,pvwatts,-0.5,1,khd_24,-0.4991080304487432,0.0008919695512568104
tokyo,Cfa,pvwatts,-0.5,2,khd_24,-0.5112924514333217,-0.011292451433321693
tokyo,Cfa,pvwatts,-1.0,0,khd_24,-1.002353831696652,-0.0023538316966520423
tokyo,Cfa,pvwatts,-1.0,1,khd_24,-0.9925835680253736,0.007416431974626381
tokyo,Cfa,pvwatts,-1.0,2,khd_24,-1.0020260246636472,-0.002026024663647208
tokyo,Cfa,thin_film,-0.5,0,khd_24,-0.4416733854402792,0.058326614559720824
tokyo,Cfa,thin_film,-0.5,1,khd_24,-0.48370713285450534,0.01629286714549466
tokyo,Cfa,thin_film,-0.5,2,khd_24,-0.5044427342857605,-0.004442734285760475
tokyo,Cfa,thin_film,-1.0,0,khd_24,-0.9878790913643977,0.012120908635602334
tokyo,Cfa,thin_film,-1.0,1,khd_24,-1.0211393738237449,-0.021139373823744867
tokyo,Cfa,thin_film,-1.0,2,khd_24,-1.0229689312704884,-0.02296893127048838
dubai,BWh,pvwatts,-0.5,0,khd_24,-0.49905790985519705,0.0009420901448029539
dubai,BWh,pvwatts,-0.5,1,khd_24,-0.48680706470685287,0.013192935293147134
dubai,BWh,pvwatts,-0.5,2,khd_24,-0.5044537671762878,-0.0044537671762877595
dubai,BWh,pvwatts,-1.0,0,khd_24,-1.0038364785000014,-0.00383647850000135
dubai,BWh,pvwatts,-1.0,1,khd_24,-0.9862710320494095,0.013728967950590532
dubai,BWh,pvwatts,-1.0,2,khd_24,-1.0308264806293228,-0.030826480629322806
dubai,BWh,thin_film,-0.5,0,khd_24,-0.5384767684536176,-0.03847676845361758
dubai,BWh,thin_film,-0.5,1,khd_24,-0.46419032567503876,0.03580967432496124
dubai,BWh,thin_film,-0.5,2,khd_24,-0.48574411897733727,0.01425588102266273
dubai,BWh,thin_film,-1.0,0,khd_24,-1.021177835019694,-0.021177835019694058
dubai,BWh,thin_film,-1.0,1,khd_24,-1.033946034965289,-0.03394603496528892
dubai,BWh,thin_film,-1.0,2,khd_24,-0.953663402714843,0.046336597285157044
ulaanbaatar,BSk,pvwatts,-0.5,0,khd_24,-0.4963433539558304,0.003656646044169598
ulaanbaatar,BSk,pvwatts,-0.5,1,khd_24,-0.4955057648432595,0.0044942351567405225
ulaanbaatar,BSk,pvwatts,-0.5,2,khd_24,-0.502701254763365,-0.002701254763365024
ulaanbaatar,BSk,pvwatts,-1.0,0,khd_24,-1.0486017110767727,-0.04860171107677269
ulaanbaatar,BSk,pvwatts,-1.0,1,khd_24,-1.0360224072934254,-0.03602240729342543
ulaanbaatar,BSk,pvwatts,-1.0,2,khd_24,-1.0033098322209042,-0.0033098322209041964
ulaanbaatar,BSk,thin_film,-0.5,0,khd_24,-0.48200248619901875,0.017997513800981246
ulaanbaatar,BSk,thin_film,-0.5,1,khd_24,-0.4795001495813453,0.020499850418654708
ulaanbaatar,BSk,thin_film,-0.5,2,khd_24,-0.47663724751650755,0.023362752483492455
ulaanbaatar,BSk,thin_film,-1.0,0,khd_24,-1.0172627746902383,-0.01726277469023829
ulaanbaatar,BSk,thin_film,-1.0,1,khd_24,-0.9618382742244185,0.03816172577558152
ulaanbaatar,BSk,thin_film,-1.0,2,khd_24,-1.0034559657042599,-0.003455965704259878
