system_id,tier,role,location,climate,irradiance_basis,temperature_basis,injection,plr,ci_low,ci_high,days,span_years,t_center_years
pvdaq_1272,R,main,"New Orleans, LA",Cfa,"ERA5 transposed (perez, tilt 30.0, az 175.0)",ERA5 2-m temperature,0.0,-2.4121749728829522,-4.857053671491363,-0.592479926093592,1301,3.6440793976728267,1.8326488706365502
pvdaq_1272,R,main,"New Orleans, LA",Cfa,"ERA5 transposed (perez, tilt 30.0, az 175.0)",ERA5 2-m temperature,-0.25,-2.677822180689282,-5.092841471421905,-0.5137150040820049,1301,3.6440793976728267,1.8326488706365502
pvdaq_1272,R,main,"New Orleans, LA",Cfa,"ERA5 transposed (perez, tilt 30.0, az 175.0)",ERA5 2-m temperature,-0.5,-3.0496355882074666,-5.347027273864269,-0.7177136550141627,1301,3.6440793976728267,1.8326488706365502
pvdaq_1272,R,main,"New Orleans, LA",Cfa,"ERA5 transposed (perez, tilt 30.0, az 175.0)",ERA5 2-m temperature,-1.0,-3.5478639371176346,-5.711782140371291,-1.243382750944022,1301,3.6440793976728267,1.8326488706365502
pvdaq_1272,R,main,"New Orleans, LA",Cfa,"ERA5 transposed (perez, tilt 30.0, az 175.0)",ERA5 2-m temperature,-2.0,-4.572199570712332,-6.682467401966985,-2.3321996921905397,1301,3.6440793976728267,1.8326488706365502
pvdaq_1255,R,main,"New Orleans, LA",Cfa,"ERA5 transposed (perez, tilt 30.0, az 218.0)",ERA5 2-m temperature,0.0,-2.4521735060960337,-4.687245278568297,-0.2089455065900414,1271,3.5537303216974676,1.7819986310746065
pvdaq_1255,R,main,"New Orleans, LA",Cfa,"ERA5 transposed (perez, tilt 30.0, az 218.0)",ERA5 2-m temperature,-0.25,-2.64587951561166,-4.976749201461795,-0.48695825180147256,1271,3.5537303216974676,1.7819986310746065
pvdaq_1255,R,main,"New Orleans, LA",Cfa,"ERA5 transposed (perez, tilt 30.0, az 218.0)",ERA5 2-m temperature,-0.5,-2.9095184210273572,-5.0679479160864656,-0.7659811177556097,1271,3.5537303216974676,1.7819986310746065
pvdaq_1255,R,main,"New Orleans, LA",Cfa,"ERA5 transposed (perez, tilt 30.0, az 218.0)",ERA5 2-m temperature,-1.0,-3.1554338568265172,-5.2962137417393755,-1.1070740102900989,1271,3.5537303216974676,1.7819986310746065
pvdaq_1255,R,main,"New Orleans, LA",Cfa,"ERA5 transposed (perez, tilt 30.0, az 218.0)",ERA5 2-m temperature,-2.0,-3.8562659035667357,-6.242030656472175,-2.020272406662804,1271,3.5537303216974676,1.7819986310746065
pvdaq_1246,R,main,"New Orleans, LA",Cfa,"ERA5 transposed (perez, tilt 32.0, az 177.0)",ERA5 2-m temperature,0.0,-2.3287223477571395,-3.892836240283093,0.3936306824283807,1264,3.5345653661875427,1.7724161533196439
pvdaq_1246,R,main,"New Orleans, LA",Cfa,"ERA5 transposed (perez, tilt 32.0, az 177.0)",ERA5 2-m temperature,-0.25,-2.573430354045325,-4.058680981221219,0.3267039109890346,1264,3.5345653661875427,1.7724161533196439
pvdaq_1246,R,main,"New Orleans, LA",Cfa,"ERA5 transposed (perez, tilt 32.0, az 177.0)",ERA5 2-m temperature,-0.5,-2.8068286251677232,-4.290642327573574,0.08127297882047912,1264,3.5345653661875427,1.7724161533196439
pvdaq_1246,R,main,"New Orleans, LA",Cfa,"ERA5 transposed (perez, tilt 32.0, az 177.0)",ERA5 2-m temperature,-1.0,-3.1506851211883182,-4.7145238670033445,-0.18399858134778846,1264,3.5345653661875427,1.7724161533196439
pvdaq_1246,R,main,"New Orleans, LA",Cfa,"ERA5 transposed (perez, tilt 32.0, az 177.0)",ERA5 2-m temperature,-2.0,-3.5700859491599344,-5.5458893607677915,-1.1418667426730256,1264,3.5345653661875427,1.7724161533196439
