site_id,climate,family,rate,seed,method,plr,ci_low,ci_high,error
alice_springs,BWh,pvwatts,-1.0,2,gru,-0.9943254238221988,-1.0279313738492197,-0.9712161839448341,0.005674576177801205
alice_springs,BWh,pvwatts,-1.0,2,tcn,-0.992021130357324,-1.022225905228609,-0.9631739293925912,0.007978869642676023
alice_springs,BWh,pvwatts,-1.0,2,patchtst,-0.991675715598439,-1.0236441649288828,-0.9578554501575157,0.008324284401560966
alice_springs,BWh,pvwatts,-1.0,2,informer,-0.9950958758065731,-1.025090704491446,-0.9573318166358543,0.004904124193426895
alice_springs,BWh,thin_film,-0.5,0,lstm,-0.5234114015821967,-0.5548169116072249,-0.48758958705975575,-0.023411401582196678
alice_springs,BWh,thin_film,-0.5,0,gru,-0.5068112171172244,-0.5296943348413907,-0.4819319195628835,-0.006811217117224433
alice_springs,BWh,thin_film,-0.5,0,tcn,-0.5265071227205818,-0.5542557737700848,-0.48955049784899995,-0.026507122720581755
alice_springs,BWh,thin_film,-0.5,0,patchtst,-0.5111841520936133,-0.5439229985394951,-0.4723405693160321,-0.011184152093613342
alice_springs,BWh,thin_film,-0.5,0,informer,-0.5085537694650332,-0.5423889356147793,-0.4778926155388775,-0.008553769465033167
alice_springs,BWh,thin_film,-0.5,1,lstm,-0.5124344144022075,-0.5481260089841178,-0.48097079070525256,-0.012434414402207494
alice_springs,BWh,thin_film,-0.5,1,gru,-0.5044728290594991,-0.5262725485728333,-0.47617458490455566,-0.004472829059499084
alice_springs,BWh,thin_film,-0.5,1,tcn,-0.5204475723841973,-0.5527613029317147,-0.48672312089376524,-0.020447572384197255
alice_springs,BWh,thin_film,-0.5,1,patchtst,-0.4869419545923681,-0.5188019750762551,-0.458668981116217,0.01305804540763189
alice_springs,BWh,thin_film,-0.5,1,informer,-0.5159031969037331,-0.5485774020372536,-0.47506379140639377,-0.015903196903733097
alice_springs,BWh,thin_film,-0.5,2,lstm,-0.495104907872968,-0.5215930308912764,-0.4657155264322532,0.004895092127031986
alice_springs,BWh,thin_film,-0.5,2,gru,-0.5062844669909361,-0.5279746212421554,-0.47970944546250616,-0.0062844669909360995
alice_springs,BWh,thin_film,-0.5,2,tcn,-0.4994490437183696,-0.5234388283706815,-0.4762537397901001,0.000550956281630377
alice_springs,BWh,thin_film,-0.5,2,patchtst,-0.4960860233123866,-0.5235457957017298,-0.45585030111217467,0.003913976687613396
alice_springs,BWh,thin_film,-0.5,2,informer,-0.5267621999256998,-0.5641345059889114,-0.4891055228727884,-0.026762199925699837
alice_springs,BWh,thin_film,-1.0,0,lstm,-1.017229501742134,-1.0457680051182037,-0.9878181503474696,-0.017229501742134
alice_springs,BWh,thin_film,-1.0,0,gru,-1.00925002090817,-1.0329389420420387,-0.9911668575632193,-0.009250020908170065
alice_springs,BWh,thin_film,-1.0,0,tcn,-1.0288636193612422,-1.062211199469476,-0.9980739736186739,-0.028863619361242154
alice_springs,BWh,thin_film,-1.0,0,patchtst,-1.008162537577384,-1.039493266517355,-0.9743155451125963,-0.008162537577383944
alice_springs,BWh,thin_film,-1.0,0,informer,-0.9996043640699441,-1.027693853489401,-0.9696799901959152,0.00039563593005587094
alice_springs,BWh,thin_film,-1.0,1,lstm,-1.0050966753856194,-1.0468797943826047,-0.9778223852531923,-0.00509667538561942
alice_springs,BWh,thin_film,-1.0,1,gru,-1.011068847208013,-1.037512572385338,-0.9815245939679672,-0.011068847208012933
alice_springs,BWh,thin_film,-1.0,1,tcn,-1.0169079436871509,-1.0499777606621574,-0.9869287652842288,-0.016907943687150873
alice_springs,BWh,thin_film,-1.0,1,patchtst,-0.9776386541440529,-1.0190049289838354,-0.9452205870779329,0.022361345855947068
alice_springs,BWh,thin_film,-1.0,1,informer,-1.0013049200407576,-1.0336081869072755,-0.968836985907848,-0.0013049200407575512
alice_springs,BWh,thin_film,-1.0,2,lstm,-0.9968982011162111,-1.0226300099669496,-0.9685082012858226,0.00310179888378892
alice_springs,BWh,thin_film,-1.0,2,gru,-1.001655042841143,-1.0220877036764775,-0.9802622258749061,-0.0016550428411430396
alice_springs,BWh,thin_film,-1.0,2,tcn,-1.0025908340339118,-1.0283194826524087,-0.9758074603193778,-0.002590834033911804
alice_springs,BWh,thin_film,-1.0,2,patchtst,-0.9889972280674009,-1.0244076207612334,-0.965292319051847,0.011002771932599131
alice_springs,BWh,thin_film,-1.0,2,informer,-1.0088838853986482,-1.0484715717888184,-0.9713867072601468,-0.00888388539864815
utrecht,Cfb,pvwatts,-0.5,0,lstm,-0.515818400615069,-0.5582912676726948,-0.4608496418540293,-0.015818400615069006
utrecht,Cfb,pvwatts,-0.5,0,gru,-0.5012983066887244,-0.5432437088515651,-0.46500353121323684,-0.0012983066887244377
utrecht,Cfb,pvwatts,-0.5,0,tcn,-0.49129742952708777,-0.5403217926878007,-0.4535325170846971,0.00870257047291223
utrecht,Cfb,pvwatts,-0.5,0,patchtst,-0.47393999861899505,-0.5394621119502987,-0.4221959967107858,0.02606000138100495
utrecht,Cfb,pvwatts,-0.5,0,informer,-0.5049828310299741,-0.5621836455352718,-0.4473538502411056,-0.0049828310299741
utrecht,Cfb,pvwatts,-0.5,1,lstm,-0.4701532546838441,-0.5207632365789638,-0.4248546627705707,0.029846745316155887
utrecht,Cfb,pvwatts,-0.5,1,gru,-0.48581061724636276,-0.5179313979777889,-0.4544842204682381,0.014189382753637236
utrecht,Cfb,pvwatts,-0.5,1,tcn,-0.4803769020066073,-0.5186025692729412,-0.43874459393887816,0.01962309799339268
utrecht,Cfb,pvwatts,-0.5,1,patchtst,-0.49191701215154926,-0.5444166954531675,-0.4274804237914154,0.00808298784845074
utrecht,Cfb,pvwatts,-0.5,1,informer,-0.4676450847923397,-0.5133011508883567,-0.4125820899213091,0.03235491520766032
utrecht,Cfb,pvwatts,-0.5,2,lstm,-0.5008671515662366,-0.5559187205544548,-0.45990505586741004,-0.0008671515662366236
utrecht,Cfb,pvwatts,-0.5,2,gru,-0.5174481205128321,-0.5548523317842502,-0.48434924477362973,-0.017448120512832066
utrecht,Cfb,pvwatts,-0.5,2,tcn,-0.49824342959986867,-0.5355730658070519,-0.4442729788671107,0.0017565704001313298
utrecht,Cfb,pvwatts,-0.5,2,patchtst,-0.5025728733578096,-0.5488687961174018,-0.4637712045088893,-0.0025728733578096463
utrecht,Cfb,pvwatts,-0.5,2,informer,-0.4962781957344564,-0.5373652020340633,-0.45995921337104173,0.0037218042655435823
utrecht,Cfb,pvwatts,-1.0,0,lstm,-0.9992177491943033,-1.0629338689664312,-0.9502266547943783,0.0007822508056967159
utrecht,Cfb,pvwatts,-1.0,0,gru,-1.0045312611030117,-1.0390653698548247,-0.9810753339288272,-0.004531261103011719
utrecht,Cfb,pvwatts,-1.0,0,tcn,-0.9809059696448297,-1.0302795907719353,-0.9326725231443205,0.01909403035517032
utrecht,Cfb,pvwatts,-1.0,0,patchtst,-0.9796329427095019,-1.0151959833612834,-0.9347808967803961,0.020367057290498147
utrecht,Cfb,pvwatts,-1.0,0,informer,-1.0568239472612484,-1.1064968888529814,-0.9857278225638679,-0.0568239472612484
utrecht,Cfb,pvwatts,-1.0,1,lstm,-0.9794452099817219,-1.0236399318812324,-0.936197805887981,0.02055479001827809
utrecht,Cfb,pvwatts,-1.0,1,gru,-0.9857272218472046,-1.0159131270569222,-0.955399788326622,0.014272778152795373
utrecht,Cfb,pvwatts,-1.0,1,tcn,-0.9893601060083366,-1.023279196652911,-0.9461234575576282,0.01063989399166343
utrecht,Cfb,pvwatts,-1.0,1,patchtst,-0.9917141983872517,-1.051201152205015,-0.9364316908572979,0.008285801612748278
utrecht,Cfb,pvwatts,-1.0,1,informer,-0.9855377368668206,-1.053800459347045,-0.9189857642952326,0.014462263133179443
utrecht,Cfb,pvwatts,-1.0,2,lstm,-0.9952480651123947,-1.048059584622385,-0.9472850503364102,0.00475193488760528
utrecht,Cfb,pvwatts,-1.0,2,gru,-1.0138468539232077,-1.0465500152039287,-0.9738669910822451,-0.013846853923207725
utrecht,Cfb,pvwatts,-1.0,2,tcn,-1.011787328393099,-1.0566550009227238,-0.9694944696328539,-0.011787328393098928
utrecht,Cfb,pvwatts,-1.0,2,patchtst,-1.0075119753369888,-1.0499012571137722,-0.9631982502442182,-0.007511975336988774
utrecht,Cfb,pvwatts,-1.0,2,informer,-0.9959701093065456,-1.0357642885902183,-0.952005326598153,0.0040298906934543854
utrecht,Cfb,thin_film,-0.5,0,lstm,-0.5366689891198078,-0.5827779977260916,-0.4834310261395095,-0.03666898911980776
utrecht,Cfb,thin_film,-0.5,0,gru,-0.5034613256441445,-0.550898897869101,-0.46763129339306153,-0.003461325644144475
utrecht,Cfb,thin_film,-0.5,0,tcn,-0.4730538952366248,-0.5090505405808892,-0.44099064940109156,0.026946104763375223
utrecht,Cfb,thin_film,-0.5,0,patchtst,-0.50676619060042,-0.5674908516584194,-0.43358287049624633,-0.006766190600420052
utrecht,Cfb,thin_film,-0.5,0,informer,-0.5727972755096344,-0.6445454409457985,-0.5000183266278047,-0.07279727550963444
utrecht,Cfb,thin_film,-0.5,1,lstm,-0.4741391275424342,-0.5348735024170992,-0.40036797146715264,0.025860872457565798
utrecht,Cfb,thin_film,-0.5,1,gru,-0.48251915120788047,-0.5240720817393629,-0.4449441293066866,0.01748084879211953
utrecht,Cfb,thin_film,-0.5,1,tcn,-0.4955524505371289,-0.5218868848112904,-0.45273093931589403,0.004447549462871125
utrecht,Cfb,thin_film,-0.5,1,patchtst,-0.4738102230163006,-0.5355497305778172,-0.40675531579803526,0.026189776983699398
utrecht,Cfb,thin_film,-0.5,1,informer,-0.4684242781896941,-0.5200916000205795,-0.4187317795696191,0.03157572181030588
utrecht,Cfb,thin_film,-0.5,2,lstm,-0.5086045795601568,-0.5524611359495086,-0.4655314689009038,-0.008604579560156811
utrecht,Cfb,thin_film,-0.5,2,gru,-0.5021570154970384,-0.5417845148779581,-0.4701749061329197,-0.002157015497038395
utrecht,Cfb,thin_film,-0.5,2,tcn,-0.4879074558794121,-0.5343359551897501,-0.43585808703239504,0.012092544120587911
utrecht,Cfb,thin_film,-0.5,2,patchtst,-0.5180577639204875,-0.5808103661555153,-0.4501558489443447,-0.018057763920487524
utrecht,Cfb,thin_film,-0.5,2,informer,-0.49514894004516624,-0.5580292060565983,-0.44519915097058427,0.0048510599548337585
utrecht,Cfb,thin_film,-1.0,0,lstm,-0.9971876782187044,-1.0394470619319196,-0.949773031960055,0.002812321781295646
utrecht,Cfb,thin_film,-1.0,0,gru,-1.0116090141364973,-1.0524304771293522,-0.9705764351496233,-0.011609014136497287
utrecht,Cfb,thin_film,-1.0,0,tcn,-0.9948009047826167,-1.0286975547099286,-0.9614799446772935,0.005199095217383265
utrecht,Cfb,thin_film,-1.0,0,patchtst,-1.0095128329230707,-1.0646249895324398,-0.9431029124896573,-0.009512832923070702
utrecht,Cfb,thin_film,-1.0,0,informer,-1.01372925067612,-1.0822004845885358,-0.9615028326222237,-0.013729250676119964
utrecht,Cfb,thin_film,-1.0,1,lstm,-0.9824339370964996,-1.044568219030724,-0.9030996058785663,0.01756606290350038
utrecht,Cfb,thin_film,-1.0,1,gru,-0.9855871700431431,-1.0302350047587228,-0.9594416896998673,0.014412829956856887
utrecht,Cfb,thin_film,-1.0,1,tcn,-1.0035594209601029,-1.042632350101902,-0.9599315542488052,-0.003559420960102866
utrecht,Cfb,thin_film,-1.0,1,patchtst,-0.9799730573034349,-1.0782657243292717,-0.9245641809810079,0.02002694269656513
utrecht,Cfb,thin_film,-1.0,1,informer,-0.9725738159541564,-1.0414905323886225,-0.9203659499399452,0.027426184045843627
utrecht,Cfb,thin_film,-1.0,2,lstm,-0.993838293108662,-1.0392115167580263,-0.9500600197711317,0.006161706891337992
utrecht,Cfb,thin_film,-1.0,2,gru,-1.0102762375249486,-1.0424799466563202,-0.9772449418231954,-0.01027623752494855
utrecht,Cfb,thin_film,-1.0,2,tcn,-1.0141500527961311,-1.0459557990863955,-0.9746597675673097,-0.01415005279613113
utrecht,Cfb,thin_film,-1.0,2,patchtst,-1.0220694591208908,-1.0705217664581934,-0.9501529871915079,-0.022069459120890755
utrecht,Cfb,thin_film,-1.0,2,informer,-1.0058392911299423,-1.0818099525197356,-0.9295407305111802,-0.005839291129942303
sodankyla,Dfc,pvwatts,-0.5,0,lstm,-0.5082834656737897,-0.5619221673311846,-0.45861204449239024,-0.00828346567378968
sodankyla,Dfc,pvwatts,-0.5,0,gru,-0.496874533538976,-0.5366642471252292,-0.45722829333840753,0.003125466461024018
sodankyla,Dfc,pvwatts,-0.5,0,tcn,-0.49312617409908066,-0.525813351392287,-0.44883517918622884,0.006873825900919339
sodankyla,Dfc,pvwatts,-0.5,0,patchtst,-0.478647349873329,-0.5607328796582101,-0.3924626171142087,0.02135265012667098
sodankyla,Dfc,pvwatts,-0.5,0,informer,-0.47279622934819354,-0.5782495004311272,-0.38213514319790365,0.027203770651806458
sodankyla,Dfc,pvwatts,-0.5,1,lstm,-0.5317375393280921,-0.5815653066851235,-0.4684503321117731,-0.03173753932809209
sodankyla,Dfc,pvwatts,-0.5,1,gru,-0.5003939938679536,-0.5613871606999536,-0.42843645175892897,-0.00039399386795357927
sodankyla,Dfc,pvwatts,-0.5,1,tcn,-0.48533777961999763,-0.5328906864317084,-0.429247775544174,0.014662220380002366
sodankyla,Dfc,pvwatts,-0.5,1,patchtst,-0.47332838955675455,-0.5798538515822349,-0.3982933839602909,0.026671610443245453
sodankyla,Dfc,pvwatts,-0.5,1,informer,-0.5225363242546278,-0.621335131090095,-0.44744529310234926,-0.022536324254627815
sodankyla,Dfc,pvwatts,-0.5,2,lstm,-0.5123625704918672,-0.5876692382257411,-0.44929652904692663,-0.012362570491867175
sodankyla,Dfc,pvwatts,-0.5,2,gru,-0.5460224167349259,-0.6114223612384118,-0.47281319130655364,-0.04602241673492591
sodankyla,Dfc,pvwatts,-0.5,2,tcn,-0.5235911035921026,-0.5702337545362979,-0.4691038855886065,-0.02359110359210259
sodankyla,Dfc,pvwatts,-0.5,2,patchtst,-0.5564816179727594,-0.6749697578790181,-0.4718296989287496,-0.05648161797275941
sodankyla,Dfc,pvwatts,-0.5,2,informer,-0.5443945397233468,-0.6385399447846996,-0.45827737908860516,-0.04439453972334684
sodankyla,Dfc,pvwatts,-1.0,0,lstm,-1.0030145914872057,-1.0542670520482633,-0.9588863864191444,-0.003014591487205731
sodankyla,Dfc,pvwatts,-1.0,0,gru,-0.9910855186153089,-1.048430137778933,-0.9509386224069407,0.008914481384691086
sodankyla,Dfc,pvwatts,-1.0,0,tcn,-0.9671296507964167,-1.0313224549162836,-0.9284680261126388,0.03287034920358334
sodankyla,Dfc,pvwatts,-1.0,0,patchtst,-0.9609096348560886,-1.0250838400281959,-0.9104093125117618,0.0390903651439114
sodankyla,Dfc,pvwatts,-1.0,0,informer,-0.9625992590950447,-1.0611112240362597,-0.8822042540890456,0.037400740904955265
sodankyla,Dfc,pvwatts,-1.0,1,lstm,-1.0182374055664356,-1.089988056651418,-0.9714300697743674,-0.018237405566435605
sodankyla,Dfc,pvwatts,-1.0,1,gru,-0.9906679526048956,-1.0435466915551972,-0.9432363531718058,0.009332047395104404
sodankyla,Dfc,pvwatts,-1.0,1,tcn,-0.9604197551088991,-1.0349742556236219,-0.9082831255651236,0.0395802448911009
sodankyla,Dfc,pvwatts,-1.0,1,patchtst,-0.9955377052060288,-1.0550016236521256,-0.9334404416995512,0.0044622947939712
sodankyla,Dfc,pvwatts,-1.0,1,informer,-0.995598954764243,-1.0884316190268082,-0.9273727019452838,0.004401045235757017
sodankyla,Dfc,pvwatts,-1.0,2,lstm,-1.0314268973574126,-1.1085723598004,-0.9471105872591874,-0.03142689735741255
sodankyla,Dfc,pvwatts,-1.0,2,gru,-1.0259497138282936,-1.0847350438463765,-0.9671580551775083,-0.025949713828293586
sodankyla,Dfc,pvwatts,-1.0,2,tcn,-0.9493479722876619,-1.0091571040475855,-0.8810866457116064,0.05065202771233812
sodankyla,Dfc,pvwatts,-1.0,2,patchtst,-1.003707620155167,-1.0817928354320754,-0.9110282749358436,-0.003707620155166902
sodankyla,Dfc,pvwatts,-1.0,2,informer,-1.0034842407484688,-1.0811318165172668,-0.9521822952009873,-0.0034842407484687588
sodankyla,Dfc,thin_film,-0.5,0,lstm,-0.5035208588993534,-0.5587451659043525,-0.44535096509865646,-0.003520858899353385
sodankyla,Dfc,thin_film,-0.5,0,gru,-0.49052686179834604,-0.544999826947512,-0.4466045194448516,0.009473138201653963
sodankyla,Dfc,thin_film,-0.5,0,tcn,-0.47362644352640926,-0.5279152610681237,-0.43420397812847666,0.026373556473590742
sodankyla,Dfc,thin_film,-0.5,0,patchtst,-0.5016850153968355,-0.5640040559950155,-0.42264769221406207,-0.0016850153968355208
sodankyla,Dfc,thin_film,-0.5,0,informer,-0.43826968183760096,-0.5641621187580492,-0.34422078306307036,0.061730318162399045
sodankyla,Dfc,thin_film,-0.5,1,lstm,-0.5221220110757319,-0.5929288071020777,-0.4659423542022867,-0.022122011075731862
sodankyla,Dfc,thin_film,-0.5,1,gru,-0.49833511936341335,-0.5439214531429148,-0.43983394317044233,0.001664880636586652
sodankyla,Dfc,thin_film,-0.5,1,tcn,-0.4794160201674546,-0.5342000289453974,-0.4262546886395014,0.020583979832545396
sodankyla,Dfc,thin_film,-0.5,1,patchtst,-0.46898985860690523,-0.5595409278873476,-0.3933406248671001,0.03101014139309477
sodankyla,Dfc,thin_film,-0.5,1,informer,-0.48650586078784197,-0.5705652869507194,-0.4074547852671251,0.01349413921215803
sodankyla,Dfc,thin_film,-0.5,2,lstm,-0.5352373207121002,-0.5725848407314049,-0.46843188875661523,-0.03523732071210017
sodankyla,Dfc,thin_film,-0.5,2,gru,-0.5396972456958249,-0.5801641905767596,-0.4817110889474119,-0.03969724569582489
sodankyla,Dfc,thin_film,-0.5,2,tcn,-0.5177076636895772,-0.576900768840293,-0.46197289400921854,-0.017707663689577213
sodankyla,Dfc,thin_film,-0.5,2,patchtst,-0.5943848541674623,-0.6697368635613642,-0.48941127867700995,-0.09438485416746234
sodankyla,Dfc,thin_film,-0.5,2,informer,-0.5489686394480813,-0.6529803293246372,-0.4576828263374466,-0.048968639448081275
sodankyla,Dfc,thin_film,-1.0,0,lstm,-0.986253930435693,-1.0580500786335878,-0.9270537126900291,0.013746069564307017
sodankyla,Dfc,thin_film,-1.0,0,gru,-1.0110784873485046,-1.0517121940052419,-0.9609533582843444,-0.011078487348504584
sodankyla,Dfc,thin_film,-1.0,0,tcn,-0.9649716326555028,-1.0044844024162491,-0.9144544322582826,0.03502836734449721
sodankyla,Dfc,thin_film,-1.0,0,patchtst,-0.9869701514606755,-1.0539558091464785,-0.9202928669319932,0.01302984853932454
sodankyla,Dfc,thin_film,-1.0,0,informer,-0.9892838982019253,-1.1181905685037408,-0.8969419218135766,0.010716101798074695
sodankyla,Dfc,thin_film,-1.0,1,lstm,-1.0071015574429987,-1.0830264369220854,-0.9340702832312142,-0.007101557442998674
sodankyla,Dfc,thin_film,-1.0,1,gru,-1.0129260620341585,-1.0489837161496762,-0.9536488084625561,-0.01292606203415847
sodankyla,Dfc,thin_film,-1.0,1,tcn,-0.9428342626302475,-0.9947547974944237,-0.8790892648939397,0.0571657373697525
sodankyla,Dfc,thin_film,-1.0,1,patchtst,-1.022644555278518,-1.0856692620492363,-0.9213511990677423,-0.02264455527851794
sodankyla,Dfc,thin_film,-1.0,1,informer,-1.0002761263511073,-1.065699167656331,-0.9248583187520976,-0.00027612635110729755
sodankyla,Dfc,thin_film,-1.0,2,lstm,-1.0070775672726948,-1.0707091299871685,-0.9464496636629072,-0.007077567272694818
sodankyla,Dfc,thin_film,-1.0,2,gru,-1.0170999620788046,-1.0688813063939933,-0.9721931325303461,-0.017099962078804598
sodankyla,Dfc,thin_film,-1.0,2,tcn,-1.013360053013268,-1.0595656584340363,-0.9501286853932589,-0.013360053013268036
sodankyla,Dfc,thin_film,-1.0,2,patchtst,-1.080873771940849,-1.176910251781449,-0.9908425485710248,-0.08087377194084899
sodankyla,Dfc,thin_film,-1.0,2,informer,-1.035074201855013,-1.1201701812884346,-0.9445547332040735,-0.035074201855012976
madrid,BSk,pvwatts,-0.5,0,lstm,-0.4935382625907425,-0.5280336007491063,-0.4617250017967659,0.006461737409257484
madrid,BSk,pvwatts,-0.5,0,gru,-0.49842061411226213,-0.5237528462100333,-0.4722416915119154,0.001579385887737872
madrid,BSk,pvwatts,-0.5,0,tcn,-0.5051392683840131,-0.5329769992425831,-0.47474681611084457,-0.005139268384013129
madrid,BSk,pvwatts,-0.5,0,patchtst,-0.5231039307523564,-0.5626262047748631,-0.4847357739132776,-0.023103930752356394
madrid,BSk,pvwatts,-0.5,0,informer,-0.5123358378455598,-0.5557125311451582,-0.4580431604278326,-0.012335837845559805
madrid,BSk,pvwatts,-0.5,1,lstm,-0.49127820878734907,-0.5294353305507205,-0.4519693291848481,0.008721791212650931
madrid,BSk,pvwatts,-0.5,1,gru,-0.486051095546147,-0.5096724224232878,-0.4626577180330327,0.013948904453852995
madrid,BSk,pvwatts,-0.5,1,tcn,-0.4888679974525245,-0.5209789955588295,-0.4646552608137692,0.011132002547475484
madrid,BSk,pvwatts,-0.5,1,patchtst,-0.524033240829036,-0.5632783272844222,-0.4754309762408315,-0.024033240829036018
madrid,BSk,pvwatts,-0.5,1,informer,-0.5201625639461631,-0.5484510884208318,-0.47975949397881523,-0.020162563946163115
madrid,BSk,pvwatts,-0.5,2,lstm,-0.4945774191843666,-0.534921357566964,-0.4637004076397333,0.005422580815633404
madrid,BSk,pvwatts,-0.5,2,gru,-0.5030915581418449,-0.5299366383943854,-0.47909058457854536,-0.003091558141844919
madrid,BSk,pvwatts,-0.5,2,tcn,-0.4977611029919282,-0.5312741143254307,-0.467478295839913,0.002238897008071783
madrid,BSk,pvwatts,-0.5,2,patchtst,-0.5170225413439034,-0.5555769192343185,-0.4771263084576871,-0.017022541343903352
madrid,BSk,pvwatts,-0.5,2,informer,-0.5077246943082927,-0.5495484246450744,-0.4595100532766683,-0.007724694308292701
madrid,BSk,pvwatts,-1.0,0,lstm,-0.9969933804103551,-1.0409234554662417,-0.9598059370322514,0.0030066195896448766
madrid,BSk,pvwatts,-1.0,0,gru,-1.0008812986969318,-1.0278075445065185,-0.9724911514151446,-0.0008812986969317649
madrid,BSk,pvwatts,-1.0,0,tcn,-1.0175169610054935,-1.056349453623085,-0.983124705560889,-0.017516961005493492
madrid,BSk,pvwatts,-1.0,0,patchtst,-1.0102247444010688,-1.051840613968924,-0.9800810838656869,-0.010224744401068797
madrid,BSk,pvwatts,-1.0,0,informer,-1.009187295806191,-1.0685705868332007,-0.9653631490764025,-0.009187295806190932
madrid,BSk,pvwatts,-1.0,1,lstm,-0.9977406501787289,-1.038614186382164,-0.9612401471606469,0.0022593498212710728
madrid,BSk,pvwatts,-1.0,1,gru,-0.9904348807341923,-1.0182100538014716,-0.9612668718259022,0.00956511926580772
madrid,BSk,pvwatts,-1.0,1,tcn,-0.9875225067382143,-1.0212523490824097,-0.9547366982419764,0.01247749326178571
madrid,BSk,pvwatts,-1.0,1,patchtst,-1.0242760326111433,-1.0725055551833174,-0.9774809074133639,-0.024276032611143306
madrid,BSk,pvwatts,-1.0,1,informer,-0.9923611519911724,-1.026010379319753,-0.9594275179355072,0.007638848008827637
madrid,BSk,pvwatts,-1.0,2,lstm,-0.997361051517131,-1.0338566785144545,-0.9596344800049228,0.0026389484828690524
madrid,BSk,pvwatts,-1.0,2,gru,-1.0125907094174158,-1.034638269763167,-0.9870260972919805,-0.012590709417415802
madrid,BSk,pvwatts,-1.0,2,tcn,-0.9915508573548888,-1.021882575249125,-0.956747977298889,0.008449142645111207
madrid,BSk,pvwatts,-1.0,2,patchtst,-1.025968126477084,-1.066147642619486,-0.9854103573474747,-0.025968126477083908
madrid,BSk,pvwatts,-1.0,2,informer,-1.005412705628621,-1.0413463751381173,-0.9713493559288133,-0.005412705628621062
madrid,BSk,thin_film,-0.5,0,lstm,-0.4957365912945155,-0.523213423866653,-0.45808119279098114,0.004263408705484473
madrid,BSk,thin_film,-0.5,0,gru,-0.5119976068252744,-0.5584696594978678,-0.46905378840284007,-0.011997606825274398
madrid,BSk,thin_film,-0.5,0,tcn,-0.5089728254205388,-0.5401179659456856,-0.47644594788960326,-0.008972825420538788
madrid,BSk,thin_film,-0.5,0,patchtst,-0.513988903634327,-0.5511959114181231,-0.467237656495507,-0.013988903634327032
madrid,BSk,thin_film,-0.5,0,informer,-0.5013243632417691,-0.5423330363651058,-0.45648672296089327,-0.0013243632417690998
madrid,BSk,thin_film,-0.5,1,lstm,-0.49442293504167734,-0.5395673382009636,-0.4649376984024789,0.005577064958322664
madrid,BSk,thin_film,-0.5,1,gru,-0.48688501326980105,-0.5217859828460569,-0.4573278397221621,0.013114986730198952
madrid,BSk,thin_film,-0.5,1,tcn,-0.4879103524500341,-0.5262452354449665,-0.45618767040900426,0.012089647549965887
madrid,BSk,thin_film,-0.5,1,patchtst,-0.506933046942956,-0.5529060454040908,-0.44965945491888815,-0.006933046942956045
madrid,BSk,thin_film,-0.5,1,informer,-0.49955364192266494,-0.5445436163734829,-0.4612784355361051,0.00044635807733506283
madrid,BSk,thin_film,-0.5,2,lstm,-0.49597710999822264,-0.5321045774979593,-0.45667791083821224,0.004022890001777357
madrid,BSk,thin_film,-0.5,2,gru,-0.5022720893780385,-0.5324665810773067,-0.47630881467161407,-0.0022720893780384666
madrid,BSk,thin_film,-0.5,2,tcn,-0.5033740855766154,-0.535175357744544,-0.4767442769138097,-0.0033740855766154487
madrid,BSk,thin_film,-0.5,2,patchtst,-0.5089291318508147,-0.5492816931262912,-0.4678261276225064,-0.008929131850814676
madrid,BSk,thin_film,-0.5,2,informer,-0.49660637817601216,-0.5391327671490718,-0.4620106571544974,0.0033936218239878357
madrid,BSk,thin_film,-1.0,0,lstm,-0.9908687836764594,-1.0205895095895312,-0.9553457290016141,0.009131216323540636
madrid,BSk,thin_film,-1.0,0,gru,-1.0009667859557758,-1.0384172649220424,-0.9714479289251066,-0.0009667859557758174
madrid,BSk,thin_film,-1.0,0,tcn,-0.9882156909360174,-1.0219856172969315,-0.9631507385602311,0.011784309063982645
madrid,BSk,thin_film,-1.0,0,patchtst,-1.0047802590542776,-1.0456710762015735,-0.961524218185921,-0.004780259054277591
madrid,BSk,thin_film,-1.0,0,informer,-1.0088144192041728,-1.0505272386881148,-0.9633986681743699,-0.008814419204172808
madrid,BSk,thin_film,-1.0,1,lstm,-0.9999844348575054,-1.040096691349579,-0.9666425892492669,1.5565142494566864e-05
madrid,BSk,thin_film,-1.0,1,gru,-0.9986898736594807,-1.0349749837499034,-0.9585089734312713,0.001310126340519302
madrid,BSk,thin_film,-1.0,1,tcn,-0.9926393287003707,-1.035246958334024,-0.9596715979752047,0.007360671299629251
madrid,BSk,thin_film,-1.0,1,patchtst,-1.0012353377586936,-1.052833614416887,-0.9458145021930741,-0.0012353377586935554
madrid,BSk,thin_film,-1.0,1,informer,-1.0146492646093521,-1.0533715900596152,-0.9725158188923388,-0.01464926460935212
madrid,BSk,thin_film,-1.0,2,lstm,-0.9830676986364417,-1.022809325367019,-0.9496640300898973,0.016932301363558278
madrid,BSk,thin_film,-1.0,2,gru,-1.018673577711643,-1.044308085910406,-0.9901011534020343,-0.018673577711642908
madrid,BSk,thin_film,-1.0,2,tcn,-0.9864681446735444,-1.0301154482650066,-0.9454203852308052,0.013531855326455622
madrid,BSk,thin_film,-1.0,2,patchtst,-1.0002656038479893,-1.0397744629383099,-0.9618200353953332,-0.00026560384798934855
madrid,BSk,thin_film,-1.0,2,informer,-1.0043114590084923,-1.040346782077789,-0.9629151343190478,-0.00431145900849228
nairobi,Aw,pvwatts,-0.5,0,lstm,-0.5065524407023716,-0.5361833188333998,-0.47665083693858523,-0.006552440702371598
nairobi,Aw,pvwatts,-0.5,0,gru,-0.5045807920171064,-0.5329798117234941,-0.4744506064890519,-0.004580792017106372
nairobi,Aw,pvwatts,-0.5,0,tcn,-0.48531870500465035,-0.5139654978143282,-0.4626958873104191,0.014681294995349647
nairobi,Aw,pvwatts,-0.5,0,patchtst,-0.519257350993213,-0.5456363289928245,-0.49766432219577883,-0.019257350993213018
nairobi,Aw,pvwatts,-0.5,0,informer,-0.5102410348662436,-0.5469507320768563,-0.47086155299254084,-0.010241034866243615
nairobi,Aw,pvwatts,-0.5,1,lstm,-0.4949928964468373,-0.5327214334945194,-0.4572795044516187,0.005007103553162695
nairobi,Aw,pvwatts,-0.5,1,gru,-0.509541031438715,-0.5392214775504397,-0.4710216097033426,-0.009541031438714986
nairobi,Aw,pvwatts,-0.5,1,tcn,-0.48623157002939976,-0.5213895102870663,-0.4575340618832558,0.013768429970600238
nairobi,Aw,pvwatts,-0.5,1,patchtst,-0.5252495473385521,-0.5598801409643539,-0.489157360682357,-0.025249547338552114
nairobi,Aw,pvwatts,-0.5,1,informer,-0.5108456600003919,-0.5469445654713747,-0.47208497339624733,-0.010845660000391888
nairobi,Aw,pvwatts,-0.5,2,lstm,-0.5417531748964421,-0.5741369987177558,-0.5057348257142935,-0.04175317489644215
nairobi,Aw,pvwatts,-0.5,2,gru,-0.5024791280680896,-0.5271980123893496,-0.4779928047977231,-0.0024791280680895866
nairobi,Aw,pvwatts,-0.5,2,tcn,-0.4925856571008469,-0.5093770454378088,-0.45998499779745505,0.0074143428991531035
nairobi,Aw,pvwatts,-0.5,2,patchtst,-0.5424940292673375,-0.5846255081670505,-0.5040629046671545,-0.042494029267337474
nairobi,Aw,pvwatts,-0.5,2,informer,-0.4792177927954444,-0.5111064216447581,-0.4490206506461647,0.02078220720455559
nairobi,Aw,pvwatts,-1.0,0,lstm,-1.0142655958337334,-1.0446677431565243,-0.9765858386619142,-0.014265595833733435
nairobi,Aw,pvwatts,-1.0,0,gru,-1.0183122186108229,-1.044047312022256,-0.9902271997457746,-0.018312218610822883
nairobi,Aw,pvwatts,-1.0,0,tcn,-1.0008662326424667,-1.0326982310189559,-0.9758973510425788,-0.0008662326424666578
nairobi,Aw,pvwatts,-1.0,0,patchtst,-1.019684216424157,-1.0540375207534451,-0.9965083699893551,-0.019684216424157075
nairobi,Aw,pvwatts,-1.0,0,informer,-0.9969657316197991,-1.0358843763470449,-0.9595395045820521,0.003034268380200933
nairobi,Aw,pvwatts,-1.0,1,lstm,-1.0008528467281195,-1.0319448384078542,-0.9735749591017084,-0.0008528467281194718
nairobi,Aw,pvwatts,-1.0,1,gru,-1.0108030727492945,-1.0457280137960845,-0.975806650205574,-0.010803072749294484
nairobi,Aw,pvwatts,-1.0,1,tcn,-0.9949106614080343,-1.0236700587185954,-0.9673961346418347,0.0050893385919656975
nairobi,Aw,pvwatts,-1.0,1,patchtst,-1.0221047058013757,-1.0611104778477376,-0.9789035907329476,-0.02210470580137569
nairobi,Aw,pvwatts,-1.0,1,informer,-1.0087757799592756,-1.0460997445312823,-0.9673716673695935,-0.008775779959275587
nairobi,Aw,pvwatts,-1.0,2,lstm,-1.0445568459730825,-1.072751709975539,-1.0129515574122783,-0.044556845973082515
nairobi,Aw,pvwatts,-1.0,2,gru,-1.0043974777927567,-1.0283610642643604,-0.9770589811785724,-0.004397477792756677
nairobi,Aw,pvwatts,-1.0,2,tcn,-0.9994349096966595,-1.0276217868905237,-0.9717767624673024,0.0005650903033405097
nairobi,Aw,pvwatts,-1.0,2,patchtst,-1.0370431549931252,-1.0802858028221562,-0.9927650986479963,-0.03704315499312516
nairobi,Aw,pvwatts,-1.0,2,informer,-0.9999046089449459,-1.0282780279007073,-0.9640038690668484,9.539105505407264e-05
nairobi,Aw,thin_film,-0.5,0,lstm,-0.5047825796912486,-0.5503735360709865,-0.46940457245366884,-0.004782579691248623
nairobi,Aw,thin_film,-0.5,0,gru,-0.5026615372298426,-0.5285929510333631,-0.4775659436152935,-0.0026615372298426365
nairobi,Aw,thin_film,-0.5,0,tcn,-0.5124298213930811,-0.5384966697640547,-0.46650967102563373,-0.01242982139308113
nairobi,Aw,thin_film,-0.5,0,patchtst,-0.5100173261848417,-0.5473357765998554,-0.4738002913291407,-0.010017326184841746
nairobi,Aw,thin_film,-0.5,0,informer,-0.4971436124888762,-0.5286365741379874,-0.46511670207172173,0.0028563875111238257
nairobi,Aw,thin_film,-0.5,1,lstm,-0.4965725904762963,-0.5382341130600654,-0.4575355998586415,0.003427409523703684
nairobi,Aw,thin_film,-0.5,1,gru,-0.5100195544837831,-0.5324662564681248,-0.4821997060658708,-0.01001955448378311
nairobi,Aw,thin_film,-0.5,1,tcn,-0.5005525669549649,-0.5281690273165607,-0.47104209474569947,-0.0005525669549648615
nairobi,Aw,thin_film,-0.5,1,patchtst,-0.5037190424697041,-0.5631749581664669,-0.44749368626539887,-0.0037190424697041147
nairobi,Aw,thin_film,-0.5,1,informer,-0.47640204941583875,-0.5103506552745052,-0.4458885204435571,0.023597950584161254
nairobi,Aw,thin_film,-0.5,2,lstm,-0.5292268766133035,-0.5573259715965734,-0.4966540616574978,-0.029226876613303476
nairobi,Aw,thin_film,-0.5,2,gru,-0.5026864192661236,-0.5233724542739515,-0.4771772197710189,-0.002686419266123563
nairobi,Aw,thin_film,-0.5,2,tcn,-0.4850012308715602,-0.5274065735908273,-0.4578867898157313,0.014998769128439782
nairobi,Aw,thin_film,-0.5,2,patchtst,-0.4999451065215543,-0.5603845414537721,-0.44716629179683,5.489347844567227e-05
nairobi,Aw,thin_film,-0.5,2,informer,-0.4861185264523449,-0.517758281328057,-0.45512076010925173,0.013881473547655121
nairobi,Aw,thin_film,-1.0,0,lstm,-1.0083727106566076,-1.0682037371740227,-0.9723249257877308,-0.008372710656607607
nairobi,Aw,thin_film,-1.0,0,gru,-1.005733113830154,-1.032188520778421,-0.9783057318355807,-0.0057331138301539575
nairobi,Aw,thin_film,-1.0,0,tcn,-0.9829686535313242,-1.0084033215634118,-0.9570621433758864,0.017031346468675768
nairobi,Aw,thin_film,-1.0,0,patchtst,-1.0053605334236186,-1.0527717806248393,-0.9578261762671958,-0.005360533423618641
nairobi,Aw,thin_film,-1.0,0,informer,-0.9915220669218494,-1.0192780723211836,-0.9574485393343213,0.00847793307815059
nairobi,Aw,thin_film,-1.0,1,lstm,-0.9990879418288239,-1.02720008086436,-0.9718197864777678,0.0009120581711761222
nairobi,Aw,thin_film,-1.0,1,gru,-1.0132931704277037,-1.0436227808872878,-0.9764282323400941,-0.013293170427703727
nairobi,Aw,thin_film,-1.0,1,tcn,-0.9997150402973498,-1.023948338177194,-0.9720019296925786,0.00028495970265018933
nairobi,Aw,thin_film,-1.0,1,patchtst,-0.9999295671325348,-1.0528736764897153,-0.9610883836753015,7.043286746521993e-05
nairobi,Aw,thin_film,-1.0,1,informer,-0.9820360512318497,-1.0166454038022512,-0.9489234784058436,0.01796394876815033
nairobi,Aw,thin_film,-1.0,2,lstm,-1.0293089919868927,-1.0612075310293831,-0.9926619932117027,-0.02930899198689274
nairobi,Aw,thin_film,-1.0,2,gru,-0.9983705199461065,-1.0309035103033246,-0.9718527739835348,0.0016294800538935172
nairobi,Aw,thin_film,-1.0,2,tcn,-0.9888912841014619,-1.0218732153592036,-0.9604862256855029,0.011108715898538124
nairobi,Aw,thin_film,-1.0,2,patchtst,-1.0046037935237726,-1.0548633454833443,-0.9435947976912606,-0.0046037935237726035
nairobi,Aw,thin_film,-1.0,2,informer,-0.9866535676246604,-1.0241164916994991,-0.9462964416231716,0.013346432375339612
cape_town,Csb,pvwatts,-0.5,0,lstm,-0.5049092231087404,-0.5310340279928383,-0.4741976613487814,-0.004909223108740424
cape_town,Csb,pvwatts,-0.5,0,gru,-0.4945634188834963,-0.5314075107275928,-0.464541901012266,0.0054365811165036915
cape_town,Csb,pvwatts,-0.5,0,tcn,-0.4899506271702603,-0.5234954350191279,-0.46730474979245823,0.010049372829739722
cape_town,Csb,pvwatts,-0.5,0,patchtst,-0.4945822970816479,-0.529408875076464,-0.4576868830104164,0.005417702918352085
cape_town,Csb,pvwatts,-0.5,0,informer,-0.505663780057386,-0.5433199015266353,-0.45140497400579005,-0.005663780057385992
cape_town,Csb,pvwatts,-0.5,1,lstm,-0.5069497069539993,-0.540012547922531,-0.47772757442590014,-0.006949706953999324
cape_town,Csb,pvwatts,-0.5,1,gru,-0.4938166177609449,-0.5198465285830345,-0.46679256677537584,0.006183382239055124
cape_town,Csb,pvwatts,-0.5,1,tcn,-0.5038613609146536,-0.5282815950986949,-0.46671517825874753,-0.003861360914653611
cape_town,Csb,pvwatts,-0.5,1,patchtst,-0.5092899522544547,-0.5468889609311189,-0.4593575504416969,-0.009289952254454725
cape_town,Csb,pvwatts,-0.5,1,informer,-0.5119426513068615,-0.5368814713106762,-0.47724013551960764,-0.011942651306861451
cape_town,Csb,pvwatts,-0.5,2,lstm,-0.5296846128445665,-0.5589537962164937,-0.48295056397147534,-0.02968461284456647
cape_town,Csb,pvwatts,-0.5,2,gru,-0.49337179519093255,-0.529476330696893,-0.46776667780813613,0.006628204809067451
cape_town,Csb,pvwatts,-0.5,2,tcn,-0.5042656390463858,-0.5340461344719155,-0.47370138607468193,-0.004265639046385772
cape_town,Csb,pvwatts,-0.5,2,patchtst,-0.515192682822676,-0.5416814671994441,-0.48197182919841663,-0.015192682822676051
cape_town,Csb,pvwatts,-0.5,2,informer,-0.5033886102283391,-0.5354618414671553,-0.46554011525864614,-0.0033886102283391395
cape_town,Csb,pvwatts,-1.0,0,lstm,-1.0091396086519988,-1.0436633678553153,-0.9753551538757954,-0.00913960865199881
cape_town,Csb,pvwatts,-1.0,0,gru,-0.9923399570486657,-1.0188443733523012,-0.9642867406015942,0.007660042951334267
cape_town,Csb,pvwatts,-1.0,0,tcn,-0.9919001671895522,-1.0283289123937598,-0.9657059854233596,0.008099832810447793
cape_town,Csb,pvwatts,-1.0,0,patchtst,-0.9876962680126056,-1.0232915616348426,-0.9590205322807022,0.012303731987394428
cape_town,Csb,pvwatts,-1.0,0,informer,-0.9877503138495659,-1.0289594477557658,-0.9535883571968973,0.012249686150434091
cape_town,Csb,pvwatts,-1.0,1,lstm,-1.0134178507619493,-1.0426010499417335,-0.9864246387253028,-0.013417850761949346
cape_town,Csb,pvwatts,-1.0,1,gru,-0.9863912682593093,-1.0155644620289117,-0.9674436645791817,0.01360873174069066
cape_town,Csb,pvwatts,-1.0,1,tcn,-1.0064936182376556,-1.027743904650913,-0.9731432046334989,-0.006493618237655596
cape_town,Csb,pvwatts,-1.0,1,patchtst,-1.0080424935052845,-1.0520582929268358,-0.9592475531360638,-0.00804249350528452
cape_town,Csb,pvwatts,-1.0,1,informer,-1.0027558318631724,-1.0446748462850524,-0.966887559153673,-0.002755831863172409
cape_town,Csb,pvwatts,-1.0,2,lstm,-1.0136659931745229,-1.0519155147752146,-0.9837164404514764,-0.013665993174522884
cape_town,Csb,pvwatts,-1.0,2,gru,-1.0019748543077642,-1.0321853924183444,-0.9731370297932936,-0.001974854307764229
cape_town,Csb,pvwatts,-1.0,2,tcn,-1.0044125301707896,-1.0317336284880518,-0.9759217843867618,-0.004412530170789575
cape_town,Csb,pvwatts,-1.0,2,patchtst,-1.0234111052477624,-1.0511543240925396,-0.9829104112857867,-0.023411105247762354
cape_town,Csb,pvwatts,-1.0,2,informer,-1.006995020324225,-1.0443000838612715,-0.9740387155281434,-0.006995020324225054
cape_town,Csb,thin_film,-0.5,0,lstm,-0.49330418428658596,-0.5298259971842412,-0.4567683696674707,0.006695815713414044
cape_town,Csb,thin_film,-0.5,0,gru,-0.49367028232558396,-0.5192162027689687,-0.4700664942564714,0.0063297176744160355
cape_town,Csb,thin_film,-0.5,0,tcn,-0.49578163360836625,-0.533011641195047,-0.46409510396146036,0.004218366391633754
cape_town,Csb,thin_film,-0.5,0,patchtst,-0.5109493922566614,-0.552639480308753,-0.4676331704413255,-0.010949392256661361
cape_town,Csb,thin_film,-0.5,0,informer,-0.4843025071820254,-0.5163079788211844,-0.45144272687888676,0.015697492817974612
cape_town,Csb,thin_film,-0.5,1,lstm,-0.5087182772224428,-0.5379758630905819,-0.4794909400051016,-0.008718277222442783
cape_town,Csb,thin_film,-0.5,1,gru,-0.48637086450484246,-0.5197758760461357,-0.46331890842382656,0.01362913549515754
cape_town,Csb,thin_film,-0.5,1,tcn,-0.49502213439543913,-0.5229207404697611,-0.45946390994174857,0.004977865604560872
cape_town,Csb,thin_film,-0.5,1,patchtst,-0.5149931945004521,-0.5600272222338164,-0.4635306175145959,-0.014993194500452112
cape_town,Csb,thin_film,-0.5,1,informer,-0.5161033927339614,-0.5543975395240305,-0.48107914426567466,-0.01610339273396144
cape_town,Csb,thin_film,-0.5,2,lstm,-0.5236249963332051,-0.5579643382584765,-0.4855474231758833,-0.02362499633320514
cape_town,Csb,thin_film,-0.5,2,gru,-0.5182867663594881,-0.5478892279514869,-0.48313927405264634,-0.018286766359488116
cape_town,Csb,thin_film,-0.5,2,tcn,-0.5159060611920785,-0.5500856840812474,-0.4842970183632501,-0.01590606119207849
cape_town,Csb,thin_film,-0.5,2,patchtst,-0.5141071725581151,-0.5578001850270686,-0.47403088252682135,-0.01410717255811511
cape_town,Csb,thin_film,-0.5,2,informer,-0.504998801239015,-0.5360336675518591,-0.47454415330290795,-0.004998801239014972
cape_town,Csb,thin_film,-1.0,0,lstm,-0.9956084948072819,-1.026255462200687,-0.9686332844324607,0.004391505192718137
cape_town,Csb,thin_film,-1.0,0,gru,-0.9903095415399841,-1.0085543363544103,-0.9643035948309576,0.009690458460015927
cape_town,Csb,thin_film,-1.0,0,tcn,-1.0004833912383315,-1.0378733748158853,-0.966454056396493,-0.00048339123833152087
cape_town,Csb,thin_film,-1.0,0,patchtst,-1.0131178168157633,-1.056702042034261,-0.9669534097109911,-0.013117816815763295
cape_town,Csb,thin_film,-1.0,0,informer,-0.9961481060174859,-1.033307642019965,-0.9651789983277111,0.0038518939825140652
cape_town,Csb,thin_film,-1.0,1,lstm,-1.0093771459980534,-1.0390987743962385,-0.9863382853122105,-0.009377145998053393
cape_town,Csb,thin_film,-1.0,1,gru,-0.9930582277443645,-1.025235726978661,-0.9625718672410473,0.0069417722556355255
cape_town,Csb,thin_film,-1.0,1,tcn,-1.0048015547752365,-1.034392432992941,-0.9770558093699533,-0.004801554775236472
cape_town,Csb,thin_film,-1.0,1,patchtst,-1.0120513569071208,-1.051703207364485,-0.9726808405519982,-0.01205135690712078
cape_town,Csb,thin_film,-1.0,1,informer,-1.0209656046760607,-1.0546517725934732,-0.9899731059492008,-0.02096560467606068
cape_town,Csb,thin_film,-1.0,2,lstm,-1.02326841880519,-1.0539491455026626,-0.9918501071272994,-0.023268418805189928
cape_town,Csb,thin_film,-1.0,2,gru,-1.0016241704227102,-1.0273556998071496,-0.9780069040384531,-0.001624170422710236
cape_town,Csb,thin_film,-1.0,2,tcn,-1.014844381438156,-1.0412658429779231,-0.9919361757724343,-0.014844381438156029
cape_town,Csb,thin_film,-1.0,2,patchtst,-1.0039531252112952,-1.0447420070004327,-0.9621088089473595,-0.003953125211295205
cape_town,Csb,thin_film,-1.0,2,informer,-1.0202026055970375,-1.0466424076108316,-0.9858044064525298,-0.02020260559703746
calama,BWk,pvwatts,-0.5,0,lstm,-0.5064904586954133,-0.5316643136223431,-0.4767588508737892,-0.006490458695413315
calama,BWk,pvwatts,-0.5,0,gru,-0.5083424173823043,-0.5288613234026518,-0.4743682688828485,-0.008342417382304346
calama,BWk,pvwatts,-0.5,0,tcn,-0.5012508521715662,-0.5361672954960558,-0.46953012258926785,-0.0012508521715661747
calama,BWk,pvwatts,-0.5,0,patchtst,-0.5026467537212334,-0.530045626994724,-0.4620269420841372,-0.0026467537212333525
calama,BWk,pvwatts,-0.5,0,informer,-0.4954565327455922,-0.5141718140367213,-0.4701890425407862,0.004543467254407796
calama,BWk,pvwatts,-0.5,1,lstm,-0.4932362658090312,-0.5152938724619971,-0.4590474560226876,0.0067637341909688176
calama,BWk,pvwatts,-0.5,1,gru,-0.4927344882123168,-0.5198914822183265,-0.46414125160768704,0.007265511787683199
calama,BWk,pvwatts,-0.5,1,tcn,-0.4838815735455313,-0.5106781294645146,-0.4619088212311939,0.016118426454468704
calama,BWk,pvwatts,-0.5,1,patchtst,-0.4713538793777643,-0.5126759963738181,-0.44269570515881584,0.028646120622235705
calama,BWk,pvwatts,-0.5,1,informer,-0.4904332479439333,-0.5137359525788823,-0.4592077278264495,0.009566752056066719
calama,BWk,pvwatts,-0.5,2,lstm,-0.507057080860418,-0.538901047707456,-0.4780490529214365,-0.007057080860418008
calama,BWk,pvwatts,-0.5,2,gru,-0.4963819198304511,-0.5258385678138078,-0.45838505385645467,0.0036180801695488984
calama,BWk,pvwatts,-0.5,2,tcn,-0.4937241546433824,-0.5147062114073453,-0.4719608772303562,0.0062758453566176264
calama,BWk,pvwatts,-0.5,2,patchtst,-0.48727434655360113,-0.5408717026221389,-0.4230285713885015,0.012725653446398866
calama,BWk,pvwatts,-0.5,2,informer,-0.5031787533063723,-0.529939960705619,-0.47708535888862025,-0.003178753306372295
calama,BWk,pvwatts,-1.0,0,lstm,-1.0042522231471895,-1.0364780694144629,-0.9763501835833146,-0.004252223147189538
calama,BWk,pvwatts,-1.0,0,gru,-0.9903893158126038,-1.0167501691056744,-0.9682358931529966,0.00961068418739619
calama,BWk,pvwatts,-1.0,0,tcn,-1.0038385235871075,-1.032126022056501,-0.9751469390072331,-0.0038385235871074563
calama,BWk,pvwatts,-1.0,0,patchtst,-0.9864301437282912,-1.0227618868914412,-0.9599889464815714,0.013569856271708813
calama,BWk,pvwatts,-1.0,0,informer,-0.9886389577341361,-1.0199346423413025,-0.9636110101482367,0.011361042265863874
calama,BWk,pvwatts,-1.0,1,lstm,-0.9920374171476398,-1.0267928400643336,-0.9579983437578835,0.007962582852360178
calama,BWk,pvwatts,-1.0,1,gru,-0.9864031401275943,-1.0098001123601061,-0.9636405370952266,0.013596859872405664
calama,BWk,pvwatts,-1.0,1,tcn,-0.9901381115109668,-1.0145613435804126,-0.9612612640428342,0.009861888489033244
calama,BWk,pvwatts,-1.0,1,patchtst,-0.9780430626917331,-1.0052799363524378,-0.9403541899248302,0.021956937308266866
calama,BWk,pvwatts,-1.0,1,informer,-0.9915498769505944,-1.0237730850924165,-0.9570434118266555,0.008450123049405622
calama,BWk,pvwatts,-1.0,2,lstm,-1.0012364860671474,-1.0367236580298145,-0.967305823741238,-0.0012364860671474354
calama,BWk,pvwatts,-1.0,2,gru,-0.9951136924228221,-1.0217509256454251,-0.9572909978777244,0.004886307577177895
calama,BWk,pvwatts,-1.0,2,tcn,-0.9884253843899571,-1.0154256479252444,-0.9638961273049879,0.011574615610042915
calama,BWk,pvwatts,-1.0,2,patchtst,-0.973308290997138,-1.0022663580525353,-0.9445515611606559,0.026691709002861996
calama,BWk,pvwatts,-1.0,2,informer,-0.9950464914566268,-1.0181868031149948,-0.9638456621962617,0.004953508543373175
calama,BWk,thin_film,-0.5,0,lstm,-0.5140295302660788,-0.5414836617787466,-0.48533623457925357,-0.014029530266078782
calama,BWk,thin_film,-0.5,0,gru,-0.5064500969530761,-0.5358265562869727,-0.48322044615333737,-0.006450096953076079
calama,BWk,thin_film,-0.5,0,tcn,-0.5171881259132015,-0.5483892461973434,-0.49268363463140785,-0.017188125913201513
calama,BWk,thin_film,-0.5,0,patchtst,-0.4812839530594181,-0.5135180703285447,-0.4528201661947938,0.018716046940581876
calama,BWk,thin_film,-0.5,0,informer,-0.4988900272424074,-0.5265065753123743,-0.4750562708271233,0.0011099727575926144
calama,BWk,thin_film,-0.5,1,lstm,-0.5020998723832047,-0.5300416200937796,-0.47319499062155046,-0.0020998723832047483
calama,BWk,thin_film,-0.5,1,gru,-0.4860291744983498,-0.5082317730657022,-0.46260910576579195,0.013970825501650186
calama,BWk,thin_film,-0.5,1,tcn,-0.49216645466561015,-0.5222322322337547,-0.46094652812862785,0.007833545334389846
calama,BWk,thin_film,-0.5,1,patchtst,-0.47936750673486955,-0.5135104307622632,-0.4496133784411446,0.020632493265130447
calama,BWk,thin_film,-0.5,1,informer,-0.4930252988670527,-0.52807503015323,-0.4645429175757895,0.006974701132947292
calama,BWk,thin_film,-0.5,2,lstm,-0.4992910736505318,-0.532962380704749,-0.4645242625267215,0.0007089263494681752
calama,BWk,thin_film,-0.5,2,gru,-0.48666371326048785,-0.5192809312181353,-0.46346623201769804,0.013336286739512149
calama,BWk,thin_film,-0.5,2,tcn,-0.49332579790688796,-0.5194541745807135,-0.4610527105178408,0.006674202093112036
calama,BWk,thin_film,-0.5,2,patchtst,-0.4655813112327156,-0.5166306639467211,-0.42223510886287113,0.03441868876728438
calama,BWk,thin_film,-0.5,2,informer,-0.5002776384049334,-0.5294724150452207,-0.4765749080249737,-0.0002776384049334446
calama,BWk,thin_film,-1.0,0,lstm,-1.005047370836348,-1.030814261966357,-0.9788941300009624,-0.005047370836348097
calama,BWk,thin_film,-1.0,0,gru,-1.008233793406338,-1.0348722951980829,-0.9834851812030032,-0.008233793406337897
calama,BWk,thin_film,-1.0,0,tcn,-1.0056652009297118,-1.0333144066166398,-0.968601105358402,-0.005665200929711789
calama,BWk,thin_film,-1.0,0,patchtst,-0.9702734620326059,-1.004189355322887,-0.9429146030436375,0.029726537967394107
calama,BWk,thin_film,-1.0,0,informer,-1.0036224510241507,-1.0301350544127386,-0.9725081995459628,-0.003622451024150708
calama,BWk,thin_film,-1.0,1,lstm,-0.9944016663295252,-1.0252174753465293,-0.9710289434631143,0.005598333670474798
