model,trial,val_rmse
random_forest,0,0.020721998686591785
random_forest,1,0.028661062320073444
random_forest,2,0.024790451551477116
random_forest,3,0.028319266935189564
random_forest,4,0.019167968382438023
random_forest,5,0.019176311790943146
random_forest,6,0.029281065488855045
random_forest,7,0.019871156041820843
random_forest,8,0.021137934178113937
random_forest,9,0.023523276050885517
random_forest,10,0.01965336501598358
random_forest,11,0.01900017075240612
random_forest,12,0.019664878646532696
random_forest,13,0.01893596351146698
random_forest,14,0.01897304815550645
random_forest,15,0.019267274687687557
random_forest,16,0.019006824120879173
random_forest,17,0.019875501592954
random_forest,18,0.019864076127608616
random_forest,19,0.019064660494526226
random_forest,20,0.020625950147708256
random_forest,21,0.01900017075240612
random_forest,22,0.01900104930003484
random_forest,23,0.019051481659213703
random_forest,24,0.019288914278149605
random_forest,25,0.019049038489659626
random_forest,26,0.01899784989655018
random_forest,27,0.019227440779407818
random_forest,28,0.019045172880093258
random_forest,29,0.021080171689391136
random_forest,30,0.01981879522403081
random_forest,31,0.018991877014438312
random_forest,32,0.019014184673627216
random_forest,33,0.019072805841763813
random_forest,34,0.02325051836669445
random_forest,35,0.01913500763475895
random_forest,36,0.019299043342471123
random_forest,37,0.024322631458441418
random_forest,38,0.019051730011900265
random_forest,39,0.019038842990994453
random_forest,40,0.026207252716024716
random_forest,41,0.01900017075240612
random_forest,42,0.01898005170126756
random_forest,43,0.01898005170126756
random_forest,44,0.018973901867866516
random_forest,45,0.018973901867866516
random_forest,46,0.019198062519232433
random_forest,47,0.019420564795533817
random_forest,48,0.024363877872625988
random_forest,49,0.019753603885571163
random_forest,50,0.0189257866392533
random_forest,51,0.0189257866392533
random_forest,52,0.0189257866392533
random_forest,53,0.019057887916763622
random_forest,54,0.02078835479915142
random_forest,55,0.018940531959136326
random_forest,56,0.01919668974975745
random_forest,57,0.018939385811487835
random_forest,58,0.019618323693672817
random_forest,59,0.01919668974975745
random_forest,60,0.019629831115404766
random_forest,61,0.018941986684997875
random_forest,62,0.018941986684997875
random_forest,63,0.01903579818705718
random_forest,64,0.019056980187694233
random_forest,65,0.018963114048043888
random_forest,66,0.01933177188038826
random_forest,67,0.019056541845202446
random_forest,68,0.020280671616395313
random_forest,69,0.023610465849439304
random_forest,70,0.018957396348317463
random_forest,71,0.018941986684997875
random_forest,72,0.019049767404794693
random_forest,73,0.019053935383756954
random_forest,74,0.01918528415262699
random_forest,75,0.01899670126537482
random_forest,76,0.019617784768342972
random_forest,77,0.018947672098875046
random_forest,78,0.01897493563592434
random_forest,79,0.01985613505045573
random_forest,80,0.01918446955581506
random_forest,81,0.01893842468659083
random_forest,82,0.018961597854892414
random_forest,83,0.019049397980173428
random_forest,84,0.019056980187694233
random_forest,85,0.0189257866392533
random_forest,86,0.023567527532577515
random_forest,87,0.018982619047164917
random_forest,88,0.018949704865614574
random_forest,89,0.019056156898538273
random_forest,90,0.019721414272983868
random_forest,91,0.018939385811487835
random_forest,92,0.018934909254312515
random_forest,93,0.01897829833130042
random_forest,94,0.01905471459031105
random_forest,95,0.018931346635023754
random_forest,96,0.01914687951405843
random_forest,97,0.019007963438828785
random_forest,98,0.018934151778618496
random_forest,99,0.01906472072005272
random_forest,100,0.018999481573700905
random_forest,101,0.018934909254312515
random_forest,102,0.018931346635023754
random_forest,103,0.018943738813201588
random_forest,104,0.019053935383756954
random_forest,105,0.01898772642016411
random_forest,106,0.01897367586692174
random_forest,107,0.023975659782687824
random_forest,108,0.019167968382438023
random_forest,109,0.0189257866392533
random_forest,110,0.019039185096820194
random_forest,111,0.018973901867866516
random_forest,112,0.01894395922621091
random_forest,113,0.01906511001288891
random_forest,114,0.018982619047164917
random_forest,115,0.02005028973023097
lstm,0,0.07265272736549377
lstm,1,0.021191275368134182
lstm,2,0.03401093867917856
lstm,3,0.02366641101737817
lstm,4,0.024661491935451824
lstm,5,0.02410956285893917
gru,0,0.0517077644666036
gru,1,0.021234508603811264
gru,2,0.029865991324186325
tcn,0,0.022375437741478283
tcn,1,0.020426216224829357
tcn,2,0.020933519427975018
tcn,3,0.020472694809238117
tcn,4,0.020015959938367207
tcn,5,0.020329110324382782
tcn,6,0.021115579331914585
tcn,7,0.020100610330700874
tcn,8,0.020497864112257957
tcn,9,0.02028968371450901
tcn,10,0.02021635447939237
tcn,11,0.02235548074046771
tcn,12,0.020124123121301334
tcn,13,0.022642354170481365
tcn,14,0.020392247786124546
tcn,15,0.02021295391023159
tcn,16,0.02395837443570296
tcn,17,0.020325815305113792
tcn,18,0.019816796605785687
tcn,19,0.020091108977794647
tcn,20,0.020786615709463756
tcn,21,0.02005540020763874
tcn,22,0.020455191532770794
tcn,23,0.01977626730998357
tcn,24,0.019989507272839546
tcn,25,0.01978149265050888
tcn,26,0.01985740289092064
tcn,27,0.021877223625779152
tcn,28,0.02018134668469429
tcn,29,0.02009221538901329
tcn,30,0.019847098737955093
tcn,31,0.01992613946398099
tcn,32,0.01990749624868234
tcn,33,0.02003830981751283
tcn,34,0.019685419276356697
tcn,35,0.020099656656384468
tcn,36,0.019714688882231712
tcn,37,0.022247562184929848
tcn,38,0.020240437239408493
tcn,39,0.02262409155567487
tcn,40,0.020349232479929924
tcn,41,0.019907132411996525
tcn,42,0.02038633016248544
tcn,43,0.020011485864718754
tcn,44,0.019884020710984867
tcn,45,0.020170506710807484
tcn,46,0.020241367320219677
tcn,47,0.021159000073870022
tcn,48,0.019692876065770786
tcn,49,0.021483610073725384
tcn,50,0.019839162627855938
tcn,51,0.020024299000700314
tcn,52,0.020378127694129944
tcn,53,0.019805212194720905
tcn,54,0.019716018810868263
tcn,55,0.02035832901795705
patchtst,0,0.027779497827092808
patchtst,1,0.02437921054661274
patchtst,2,0.023725001141428947
patchtst,3,0.023646492511034012
patchtst,4,0.03445037081837654
patchtst,5,0.023383622368176777
patchtst,6,0.04347832873463631
patchtst,7,0.024384291221698124
patchtst,8,0.024357755358020466
patchtst,9,0.024791462967793148
patchtst,10,0.023191602279742558
informer,0,0.023920000220338505
informer,1,0.021992626910408337
informer,2,0.021612667789061863
informer,3,0.021668389439582825
informer,4,0.022181707123915356
informer,5,0.02109457862873872
informer,6,0.022715715691447258
informer,7,0.023871596281727154
informer,8,0.02137220526734988
informer,9,0.022673131277163822
informer,10,0.02223448579510053
informer,11,0.022126820559302967
informer,12,0.02177504574259122
informer,13,0.021647417296965916
informer,14,0.0220487043261528
informer,15,0.02164735458791256
informer,16,0.022103845452268917
informer,17,0.02092571184039116
informer,18,0.021516065423687298
informer,19,0.023623664552966755
