weather,rate_first_year_pct,free_fit_rate_pct,true_rate_pct,train_pinball
dkasc_7,-1.8448857734424413,-1.0021372842865108,-1.0,0.007889191616202941
dkasc_7,-1.6424099492437592,-1.0021372842865108,-1.0,0.0061965106098310005
dkasc_7,-1.4346040323456084,-1.0021372842865108,-1.0,0.0045836825538132535
dkasc_7,-1.221254746803938,-1.0021372842865108,-1.0,0.0032133308524577523
dkasc_7,-1.0021372842865108,-1.0021372842865108,-1.0,0.0025541524611502513
dkasc_7,-0.7770145139083444,-1.0021372842865108,-1.0,0.003237913308744307
dkasc_7,-0.5456361261968621,-1.0021372842865108,-1.0,0.004603842436630171
dkasc_7,-0.3077377046901818,-1.0021372842865108,-1.0,0.006285913693129533
dkasc_7,-0.06303971792922762,-1.0021372842865108,-1.0,0.008001971455253606
pvdaq_2107,-1.9208138776130474,-1.0041409451941292,-1.0,0.005401073781716354
pvdaq_2107,-1.6963917552845136,-1.0041409451941292,-1.0,0.0044142821245381075
pvdaq_2107,-1.4688495484309916,-1.0041409451941292,-1.0,0.003499515798876553
pvdaq_2107,-1.238121734953969,-1.0041409451941292,-1.0,0.002830863949920835
pvdaq_2107,-1.0041409451941292,-1.0041409451941292,-1.0,0.002559102650975173
pvdaq_2107,-0.7668378963482334,-1.0041409451941292,-1.0,0.0028711568775972307
pvdaq_2107,-0.5261413240724171,-1.0041409451941292,-1.0,0.0035857783156492415
pvdaq_2107,-0.28197791113005366,-1.0041409451941292,-1.0,0.004409303216147537
pvdaq_2107,-0.0342722129341258,-1.0041409451941292,-1.0,0.005407043212869789
