weather,family,rate,seed,drift,method,plr,error
dkasc_7,pvwatts,0.0,0,none,rdtools,-0.00021894378930964464,-0.00021894378930964464
dkasc_7,pvwatts,0.0,0,none,khd_full,0.0036597116253743577,0.0036597116253743577
dkasc_7,pvwatts,0.0,1,none,rdtools,-0.006579116276306758,-0.006579116276306758
dkasc_7,pvwatts,0.0,1,none,khd_full,-0.003246908144120885,-0.003246908144120885
dkasc_7,pvwatts,-1.0,0,none,rdtools,-1.0097770965757467,-0.009777096575746658
dkasc_7,pvwatts,-1.0,0,none,khd_full,-0.9927471556669322,0.007252844333067832
dkasc_7,pvwatts,-1.0,1,none,rdtools,-1.0062961082464081,-0.006296108246408139
dkasc_7,pvwatts,-1.0,1,none,khd_full,-0.9985930653471256,0.0014069346528744475
dkasc_7,thin_film,0.0,0,none,rdtools,0.03944573494700787,0.03944573494700787
dkasc_7,thin_film,0.0,0,none,khd_full,0.006632158292255804,0.006632158292255804
dkasc_7,thin_film,0.0,1,none,rdtools,0.06091685081046072,0.06091685081046072
dkasc_7,thin_film,0.0,1,none,khd_full,0.002918897326488188,0.002918897326488188
pvdaq_2107,pvwatts,0.0,0,none,rdtools,-0.014370334864283215,-0.014370334864283215
pvdaq_2107,pvwatts,0.0,0,none,khd_full,0.002335434842983369,0.002335434842983369
pvdaq_1423,pvwatts,0.0,0,none,rdtools,-0.018776078385942793,-0.018776078385942793
pvdaq_1423,pvwatts,0.0,0,none,khd_full,-0.02017664235976074,-0.02017664235976074
pvdaq_1430,pvwatts,0.0,0,none,rdtools,-0.00471043571943368,-0.00471043571943368
pvdaq_1430,pvwatts,0.0,0,none,khd_full,-0.003660110385701544,-0.003660110385701544
dkasc_7,thin_film,-1.0,0,none,rdtools,-0.9292687978523382,0.07073120214766182
dkasc_7,thin_film,-1.0,0,none,khd_full,-1.0054169163722557,-0.00541691637225572
pvdaq_2107,pvwatts,0.0,1,none,rdtools,0.0031198061846466965,0.0031198061846466965
pvdaq_2107,pvwatts,0.0,1,none,khd_full,0.012014568434783322,0.012014568434783322
pvdaq_1423,pvwatts,0.0,1,none,rdtools,-0.012479465446929572,-0.012479465446929572
pvdaq_1423,pvwatts,0.0,1,none,khd_full,-0.014980079444868528,-0.014980079444868528
pvdaq_1430,pvwatts,0.0,1,none,rdtools,0.014189205578274411,0.014189205578274411
pvdaq_1430,pvwatts,0.0,1,none,khd_full,0.004482015153251038,0.004482015153251038
dkasc_7,thin_film,-1.0,1,none,rdtools,-0.910481099240158,0.08951890075984203
dkasc_7,thin_film,-1.0,1,none,khd_full,-0.9854624753461729,0.014537524653827072
pvdaq_2107,pvwatts,-1.0,0,none,rdtools,-1.0233743482740643,-0.02337434827406426
pvdaq_2107,pvwatts,-1.0,0,none,khd_full,-1.0062716978096427,-0.006271697809642651
pvdaq_1423,pvwatts,-1.0,0,none,rdtools,-1.0230654922281053,-0.023065492228105278
pvdaq_1423,pvwatts,-1.0,0,none,khd_full,-1.0279866482821982,-0.027986648282198212
pvdaq_1430,pvwatts,-1.0,0,none,rdtools,-1.0041164263680196,-0.004116426368019566
pvdaq_1430,pvwatts,-1.0,0,none,khd_full,-1.0109366479746524,-0.010936647974652436
dkasc_7,pvwatts,0.0,0,drift,rdtools,-0.0044435797202777,-0.0044435797202777
dkasc_7,pvwatts,0.0,0,drift,khd_full,-0.006156742956810647,-0.006156742956810647
pvdaq_2107,pvwatts,-1.0,1,none,rdtools,-1.0021474150874399,-0.0021474150874398745
pvdaq_2107,pvwatts,-1.0,1,none,khd_full,-0.9918066268449368,0.008193373155063188
pvdaq_1423,pvwatts,-1.0,1,none,rdtools,-1.004228484708669,-0.0042284847086691
pvdaq_1423,pvwatts,-1.0,1,none,khd_full,-1.000864834242783,-0.0008648342427830524
pvdaq_1430,pvwatts,-1.0,1,none,rdtools,-0.988666047636447,0.011333952363552946
pvdaq_1430,pvwatts,-1.0,1,none,khd_full,-0.9972394573288954,0.0027605426711045933
dkasc_7,pvwatts,0.0,1,drift,rdtools,-0.0012786261706823113,-0.0012786261706823113
dkasc_7,pvwatts,0.0,1,drift,khd_full,-0.0028107282323512556,-0.0028107282323512556
pvdaq_2107,thin_film,0.0,0,none,rdtools,0.08246071255998949,0.08246071255998949
pvdaq_2107,thin_film,0.0,0,none,khd_full,-0.00404322953449109,-0.00404322953449109
pvdaq_1423,thin_film,0.0,0,none,rdtools,-0.09345180120153211,-0.09345180120153211
pvdaq_1423,thin_film,0.0,0,none,khd_full,-0.022157359673585227,-0.022157359673585227
pvdaq_1430,thin_film,0.0,0,none,rdtools,0.055389492418851244,0.055389492418851244
pvdaq_1430,thin_film,0.0,0,none,khd_full,-0.0030923524530625363,-0.0030923524530625363
dkasc_7,pvwatts,-1.0,0,drift,rdtools,-1.0035316641511138,-0.0035316641511138336
dkasc_7,pvwatts,-1.0,0,drift,khd_full,-1.0125348760677668,-0.01253487606776682
pvdaq_2107,thin_film,0.0,1,none,rdtools,0.07018018239099977,0.07018018239099977
pvdaq_2107,thin_film,0.0,1,none,khd_full,-0.005945729276386477,-0.005945729276386477
pvdaq_1423,thin_film,0.0,1,none,rdtools,-0.04207747347215326,-0.04207747347215326
pvdaq_1423,thin_film,0.0,1,none,khd_full,0.018729473568215572,0.018729473568215572
pvdaq_1430,thin_film,0.0,1,none,rdtools,0.08111950730076004,0.08111950730076004
pvdaq_1430,thin_film,0.0,1,none,khd_full,-0.006660351999905716,-0.006660351999905716
dkasc_7,pvwatts,-1.0,1,drift,rdtools,-1.0005761334582142,-0.0005761334582141675
dkasc_7,pvwatts,-1.0,1,drift,khd_full,-1.0078302694695906,-0.007830269469590645
pvdaq_2107,thin_film,-1.0,0,none,rdtools,-0.9014633377204151,0.09853666227958491
pvdaq_2107,thin_film,-1.0,0,none,khd_full,-1.0124729365414797,-0.01247293654147974
pvdaq_1423,thin_film,-1.0,0,none,rdtools,-1.07479538638664,-0.07479538638663996
pvdaq_1423,thin_film,-1.0,0,none,khd_full,-0.9964136627078277,0.0035863372921722814
pvdaq_1430,thin_film,-1.0,0,none,rdtools,-0.9235088789695933,0.07649112103040667
pvdaq_1430,thin_film,-1.0,0,none,khd_full,-0.9979077011180223,0.0020922988819777055
dkasc_7,thin_film,0.0,0,drift,rdtools,0.0947419445571196,0.0947419445571196
dkasc_7,thin_film,0.0,0,drift,khd_full,-0.0018630153465377078,-0.0018630153465377078
pvdaq_2107,thin_film,-1.0,1,none,rdtools,-0.8737411118469287,0.1262588881530713
pvdaq_2107,thin_film,-1.0,1,none,khd_full,-0.995456058444579,0.004543941555421038
pvdaq_1423,thin_film,-1.0,1,none,rdtools,-1.0326464031917004,-0.032646403191700424
pvdaq_1423,thin_film,-1.0,1,none,khd_full,-0.9910911139618518,0.008908886038148212
pvdaq_1430,thin_film,-1.0,1,none,rdtools,-0.9406417504044196,0.05935824959558045
pvdaq_1430,thin_film,-1.0,1,none,khd_full,-1.0162846395665182,-0.016284639566518155
dkasc_7,thin_film,0.0,1,drift,rdtools,0.11417554315362732,0.11417554315362732
dkasc_7,thin_film,0.0,1,drift,khd_full,-0.01288541570871641,-0.01288541570871641
pvdaq_2107,pvwatts,0.0,0,drift,rdtools,-0.014370002653236716,-0.014370002653236716
pvdaq_2107,pvwatts,0.0,0,drift,khd_full,-0.015976355854108202,-0.015976355854108202
pvdaq_1423,pvwatts,0.0,0,drift,rdtools,-0.013453527833254278,-0.013453527833254278
pvdaq_1423,pvwatts,0.0,0,drift,khd_full,0.006458197387560246,0.006458197387560246
pvdaq_1430,pvwatts,0.0,0,drift,rdtools,-0.005184284336665083,-0.005184284336665083
pvdaq_1430,pvwatts,0.0,0,drift,khd_full,-0.0007399543418503365,-0.0007399543418503365
dkasc_7,thin_film,-1.0,0,drift,rdtools,-0.8653113979886662,0.1346886020113338
dkasc_7,thin_film,-1.0,0,drift,khd_full,-1.0021372842865108,-0.002137284286510832
pvdaq_2107,pvwatts,0.0,1,drift,rdtools,0.00022576569387311451,0.00022576569387311451
pvdaq_2107,pvwatts,0.0,1,drift,khd_full,0.01430240103600484,0.01430240103600484
pvdaq_1423,pvwatts,0.0,1,drift,rdtools,-0.015335321056286766,-0.015335321056286766
pvdaq_1423,pvwatts,0.0,1,drift,khd_full,0.0074086973107093095,0.0074086973107093095
pvdaq_1430,pvwatts,0.0,1,drift,rdtools,0.013822447681610672,0.013822447681610672
pvdaq_1430,pvwatts,0.0,1,drift,khd_full,0.010076143885193857,0.010076143885193857
dkasc_7,thin_film,-1.0,1,drift,rdtools,-0.869196888464193,0.13080311153580704
dkasc_7,thin_film,-1.0,1,drift,khd_full,-1.0043650126148687,-0.0043650126148686574
pvdaq_2107,pvwatts,-1.0,0,drift,rdtools,-1.0220645614995534,-0.02206456149955338
pvdaq_2107,pvwatts,-1.0,0,drift,khd_full,-1.0073845945695437,-0.0073845945695436566
pvdaq_1423,pvwatts,-1.0,0,drift,rdtools,-1.0205987354273731,-0.020598735427373116
pvdaq_1423,pvwatts,-1.0,0,drift,khd_full,-1.0205087020470986,-0.020508702047098648
pvdaq_1430,pvwatts,-1.0,0,drift,rdtools,-1.005343687803007,-0.005343687803007091
pvdaq_1430,pvwatts,-1.0,0,drift,khd_full,-0.9973536027658634,0.0026463972341366215
pvdaq_2107,pvwatts,-1.0,1,drift,rdtools,-1.003295230043928,-0.0032952300439279547
pvdaq_2107,pvwatts,-1.0,1,drift,khd_full,-0.9931977186035109,0.006802281396489085
pvdaq_1423,pvwatts,-1.0,1,drift,rdtools,-1.0058839291368193,-0.005883929136819344
pvdaq_1423,pvwatts,-1.0,1,drift,khd_full,-0.9990537561740471,0.0009462438259528749
pvdaq_1430,pvwatts,-1.0,1,drift,rdtools,-0.9884938645197905,0.011506135480209512
pvdaq_1430,pvwatts,-1.0,1,drift,khd_full,-1.0044507685363384,-0.004450768536338412
pvdaq_2107,thin_film,0.0,0,drift,rdtools,0.10575250667721409,0.10575250667721409
pvdaq_2107,thin_film,0.0,0,drift,khd_full,0.008419316825184252,0.008419316825184252
pvdaq_1423,thin_film,0.0,0,drift,rdtools,-0.010814482478971321,-0.010814482478971321
pvdaq_1423,thin_film,0.0,0,drift,khd_full,-0.00842994003627716,-0.00842994003627716
pvdaq_1430,thin_film,0.0,0,drift,rdtools,0.09587981085238885,0.09587981085238885
pvdaq_1430,thin_film,0.0,0,drift,khd_full,-0.004303068664566436,-0.004303068664566436
pvdaq_2107,thin_film,0.0,1,drift,rdtools,0.13354563842544448,0.13354563842544448
pvdaq_2107,thin_film,0.0,1,drift,khd_full,-0.003861872817471735,-0.003861872817471735
pvdaq_1423,thin_film,0.0,1,drift,rdtools,0.012638573568901634,0.012638573568901634
pvdaq_1423,thin_film,0.0,1,drift,khd_full,-0.0073162616615721305,-0.0073162616615721305
pvdaq_1430,thin_film,0.0,1,drift,rdtools,0.11084478190974689,0.11084478190974689
pvdaq_1430,thin_film,0.0,1,drift,khd_full,0.019325865434241737,0.019325865434241737
pvdaq_2107,thin_film,-1.0,0,drift,rdtools,-0.8614623851474509,0.13853761485254912
pvdaq_2107,thin_film,-1.0,0,drift,khd_full,-1.0041409451941292,-0.00414094519412922
pvdaq_1423,thin_film,-1.0,0,drift,rdtools,-1.0016745004949756,-0.0016745004949756392
pvdaq_1423,thin_film,-1.0,0,drift,khd_full,-0.9986033132635599,0.0013966867364401114
pvdaq_1430,thin_film,-1.0,0,drift,rdtools,-0.8854092673968077,0.1145907326031923
pvdaq_1430,thin_film,-1.0,0,drift,khd_full,-0.997378222232406,0.00262177776759398
pvdaq_2107,thin_film,-1.0,1,drift,rdtools,-0.8247138391575831,0.17528616084241688
pvdaq_2107,thin_film,-1.0,1,drift,khd_full,-0.9838284647426689,0.01617153525733106
pvdaq_1423,thin_film,-1.0,1,drift,rdtools,-0.9592526901169629,0.0407473098830371
pvdaq_1423,thin_film,-1.0,1,drift,khd_full,-0.9938173556757914,0.006182644324208564
pvdaq_1430,thin_film,-1.0,1,drift,rdtools,-0.900209246795014,0.09979075320498598
pvdaq_1430,thin_film,-1.0,1,drift,khd_full,-0.9975726798705283,0.002427320129471666
