system_id,label,climate,tz,lat,lon,dc_kw,source,tracking,std_offset_h,time_convention,convention_margin,convention_r,points_kept_fraction,days,span_years,plr,ci_low,ci_high,status,yoy_values,soiling_ratio_median,soiling_ci,gamma,gamma_basis,temperature_basis
dkasc_7,"First Solar, 7.0kW, CdTe, Fixed, 2008",BWh,Australia/Darwin,-23.7618,133.8748,7.0,DKASC,False,9.5,local_standard,1.5553,0.9117,0.20341597084732146,3332,12.219028062970569,-0.734633338834717,-0.9721963060123437,-0.5048648022848806,ok,2426,0.9620905428176029,"[0.9578096657667499, 0.9656889569788887]",-0.0032,typical cdte datasheet value (assumption),on-site
dkasc_8,"Kaneka, 6.0kW, Amorphous Silicon, Fixed, 2008",BWh,Australia/Darwin,-23.7618,133.8748,6.0,DKASC,False,9.5,local_standard,1.5559,0.9121,0.23810931641188346,3924,12.254620123203285,-0.8546214680050098,-1.175342749438688,-0.5646287558819463,ok,3332,0.9514312392212954,"[0.9477900486965153, 0.9548986323181556]",-0.002,typical amorphous datasheet value (assumption),on-site
dkasc_10,"SunPower, 5.8kW, mono-Si, Fixed, 2009, 215W",BWh,Australia/Darwin,-23.7618,133.8748,5.8,DKASC,False,9.5,local_standard,1.5553,0.9116,0.23034356206409623,3839,12.219028062970569,-1.0641570626548835,-1.2178393503459728,-0.8921418122583108,ok,3178,0.9560164766471912,"[0.9493623331862319, 0.961746105140515]",-0.0045,typical mono-si datasheet value (assumption),on-site
dkasc_11,"BP Solar, 5.0kW, poly-Si, Fixed, 2008",BWh,Australia/Darwin,-23.7618,133.8748,5.0,DKASC,False,9.5,local_standard,1.5552,0.9119,0.2357715351203683,3905,12.219028062970569,-1.4101407839134716,-1.5603016451850138,-1.2691980837848726,ok,3313,0.9638689076773199,"[0.959620793288309, 0.967863545994789]",-0.0045,typical poly-si datasheet value (assumption),on-site
dkasc_13,"Trina, 5.3kW, mono-Si, Fixed, 2009",BWh,Australia/Darwin,-23.7618,133.8748,5.3,DKASC,False,9.5,local_standard,1.5555,0.9118,0.23756119654064314,3916,12.219028062970569,-0.6971931424468114,-0.8364537165178598,-0.5685205663800263,ok,3324,0.9531779833991686,"[0.9487254323027412, 0.9577404577550874]",-0.0045,typical mono-si datasheet value (assumption),on-site
dkasc_17,"Sanyo, 6.3kW, HIT Hybrid Silicon, Fixed, 2010",BWh,Australia/Darwin,-23.7618,133.8748,6.3,DKASC,False,9.5,local_standard,1.5554,0.912,0.23478418308227114,3897,12.219028062970569,-0.5140537207782847,-0.6581290203177326,-0.3475484532748707,ok,3305,0.9827747936122688,"[0.9811018658108787, 0.9841681095455983]",-0.0029,typical hit datasheet value (assumption),on-site
dkasc_12,"BP Solar, 5.1kW, mono-Si, Fixed, 2008",BWh,Australia/Darwin,-23.7618,133.8748,5.1,DKASC,False,9.5,local_standard,1.5555,0.9118,0.23534867002156723,3918,12.219028062970569,-0.8946816190537581,-1.1171881796674132,-0.6703890598828921,ok,3326,0.9605896273191199,"[0.9536394636304801, 0.9661800510197746]",-0.0045,typical mono-si datasheet value (assumption),on-site
dkasc_14,"Kyocera, 5.4kW, poly-Si, Fixed, 2008",BWh,Australia/Darwin,-23.7618,133.8748,5.4,DKASC,False,9.5,local_standard,1.5559,0.9121,0.23559945209429745,3923,12.254620123203285,-0.7595114227263888,-0.9160351564554414,-0.5693373841342497,ok,3331,0.9547799506617798,"[0.9495585166989702, 0.9592831581156064]",-0.0045,typical poly-si datasheet value (assumption),on-site
dkasc_18,"SunPower, 5.2kW, mono-Si, Fixed, 2011",BWh,Australia/Darwin,-23.7618,133.8748,5.2,DKASC,False,9.5,local_standard,1.556,0.9122,0.23327353807805082,3925,12.254620123203285,-0.2321468198786869,-0.35430678325256704,-0.11460551197867153,ok,3333,0.9721026051404685,"[0.9695517834653348, 0.9747055102133659]",-0.0045,typical mono-si datasheet value (assumption),on-site
dkasc_19,"Sungrid, 5.0kW, mono-Si, Fixed, 2010",BWh,Australia/Darwin,-23.7618,133.8748,5.0,DKASC,False,9.5,local_standard,1.555,0.9116,0.2566823224678952,3908,12.219028062970569,-0.6507598637538631,-0.7889308721027323,-0.4973545178527065,ok,3316,0.9782241682365873,"[0.9758362131347235, 0.9802513580893089]",-0.0045,typical mono-si datasheet value (assumption),on-site
dkasc_20,"Sungrid, 5.0kW, poly-Si, Fixed, 2010",BWh,Australia/Darwin,-23.7618,133.8748,5.0,DKASC,False,9.5,local_standard,1.5551,0.9115,0.25754623988078146,3919,12.219028062970569,-2.4833872913026744,-2.65447260253418,-2.2959892469959775,ok,3327,0.9635283603351255,"[0.9592817954117535, 0.9680044781401743]",-0.0045,typical poly-si datasheet value (assumption),on-site
dkasc_21,"Evergreen Solar, 4.9kW, poly-Si, Fixed, 2010",BWh,Australia/Darwin,-23.7618,133.8748,4.9,DKASC,False,9.5,local_standard,1.5551,0.9114,0.239305622408894,3662,12.219028062970569,-0.8936385840355443,-1.0535065302977373,-0.7413997748844547,ok,2814,0.971906345643766,"[0.9686633475826408, 0.9749085069054686]",-0.0045,typical poly-si datasheet value (assumption),on-site
pvdaq_1430,NREL Golden roof array,Dfb,America/Denver,39.7438,-105.1779,720.72,PVDAQ,False,-7.0,local_standard,0.0344,0.7806,0.3408661144698644,3068,8.739219712525667,-0.18411600266086126,-0.5056959209737395,0.08944497100761803,ok,2724,,,-0.004,generic c-Si value (assumption),on-site
pvdaq_1423,Henderson NV,BWh,America/Los_Angeles,36.0275,-114.9215,6.0,PVDAQ,False,-8.0,local_standard,0.0685,0.8608,0.35488585879954615,2148,7.263518138261465,-0.49696305584161726,-0.5954445721444267,-0.38473165235103357,ok,1378,0.9906307929561344,"[0.9893382133860529, 0.9916718202192372]",-0.004,generic c-Si value (assumption),on-site
pvdaq_2107,"Farm Solar Array, Arbuckle CA",Csa,America/Los_Angeles,38.996306,-122.134111,893.0,PVDAQ,False,-8.0,local_dst,0.126,0.8916,0.2443066051118046,2278,6.91854893908282,1.0213261612429236,0.49739468643062373,1.7369156701040778,ok,1943,,,-0.004,generic c-Si value (assumption),on-site
