weather,climate,family,rate,seed,method,gamma,plr,ci_low,ci_high,error
dkasc_7,BWh,pvwatts,-0.5,0,rdtools_true_gamma,-0.004,-0.5041627239276804,-0.5260196670166195,-0.478846552793613,-0.004162723927680356
dkasc_7,BWh,pvwatts,-0.5,0,rdtools_fitted_gamma,-0.004035284355044159,-0.507234142159819,-0.5253125832414329,-0.4860019004175694,-0.00723414215981899
dkasc_7,BWh,pvwatts,-0.5,1,rdtools_true_gamma,-0.004,-0.5038177265080919,-0.5260475306139545,-0.48352569704763204,-0.0038177265080918676
dkasc_7,BWh,pvwatts,-0.5,1,rdtools_fitted_gamma,-0.004086373971519675,-0.5002400911144345,-0.5246299546942172,-0.4799656676125798,-0.00024009111443445974
dkasc_7,BWh,pvwatts,-0.5,2,rdtools_true_gamma,-0.004,-0.5019940316386085,-0.5267175274144553,-0.47625914583127593,-0.001994031638608451
dkasc_7,BWh,pvwatts,-0.5,2,rdtools_fitted_gamma,-0.0040388243208775865,-0.4988865057082851,-0.5228996197486181,-0.4807445118015992,0.0011134942917149226
dkasc_7,BWh,pvwatts,-1.0,0,rdtools_true_gamma,-0.004,-1.0097770965757467,-1.0289762466481833,-0.9843222287703512,-0.009777096575746658
dkasc_7,BWh,pvwatts,-1.0,0,rdtools_fitted_gamma,-0.004085552472821067,-1.0063991186708254,-1.0252677599355648,-0.9874168014715967,-0.006399118670825432
dkasc_7,BWh,pvwatts,-1.0,1,rdtools_true_gamma,-0.004,-1.0062961082464081,-1.0302616505782458,-0.985096759651094,-0.006296108246408139
dkasc_7,BWh,pvwatts,-1.0,1,rdtools_fitted_gamma,-0.004136494249171179,-1.0019505741279553,-1.0282980611583004,-0.9816578582223917,-0.0019505741279552957
dkasc_7,BWh,pvwatts,-1.0,2,rdtools_true_gamma,-0.004,-1.008166257028853,-1.0293175592824757,-0.9823591634474937,-0.008166257028852986
dkasc_7,BWh,pvwatts,-1.0,2,rdtools_fitted_gamma,-0.004089033268081524,-1.0068273322612886,-1.0283814541747816,-0.9842382595044687,-0.006827332261288621
dkasc_7,BWh,thin_film,-0.5,0,rdtools_true_gamma,-0.002,-0.4785071333357094,-0.5064566065399561,-0.45691520967787724,0.021492866664290622
dkasc_7,BWh,thin_film,-0.5,0,rdtools_fitted_gamma,-0.0006624676532478121,-0.5198617004669503,-0.5562068341324582,-0.4751307403503269,-0.01986170046695035
dkasc_7,BWh,thin_film,-0.5,1,rdtools_true_gamma,-0.002,-0.49036520828124763,-0.5157699465195731,-0.4655990845053673,0.009634791718752367
dkasc_7,BWh,thin_film,-0.5,1,rdtools_fitted_gamma,-0.0007277983900711663,-0.4893713150575276,-0.5381202067927915,-0.44818532852498594,0.010628684942472377
dkasc_7,BWh,thin_film,-0.5,2,rdtools_true_gamma,-0.002,-0.49109339307724886,-0.5198460333657229,-0.46476556910083344,0.008906606922751137
dkasc_7,BWh,thin_film,-0.5,2,rdtools_fitted_gamma,-0.0006706474473689251,-0.5046513003690856,-0.5492070392369208,-0.46211555005766236,-0.004651300369085565
dkasc_7,BWh,thin_film,-1.0,0,rdtools_true_gamma,-0.002,-0.9829752031070209,-1.009999477306207,-0.9571525295287819,0.01702479689297909
dkasc_7,BWh,thin_film,-1.0,0,rdtools_fitted_gamma,-0.0007225820848102237,-1.0202449894851444,-1.056310283132833,-0.9851983199432202,-0.020244989485144416
dkasc_7,BWh,thin_film,-1.0,1,rdtools_true_gamma,-0.002,-0.9871287543146423,-1.0098202008312136,-0.9625770596871086,0.01287124568535769
dkasc_7,BWh,thin_film,-1.0,1,rdtools_fitted_gamma,-0.0007877075802414001,-1.0001456670703837,-1.0409072298478768,-0.9647714477453662,-0.00014566707038365934
dkasc_7,BWh,thin_film,-1.0,2,rdtools_true_gamma,-0.002,-0.9884987838729098,-1.013755108944916,-0.9636885306082922,0.011501216127090208
dkasc_7,BWh,thin_film,-1.0,2,rdtools_fitted_gamma,-0.0007306766842920331,-1.0101949540913373,-1.0482163393250865,-0.969740030981836,-0.010194954091337305
pvdaq_1423,BWh,pvwatts,-0.5,0,rdtools_true_gamma,-0.004,-0.5143799883222722,-0.5422827523193284,-0.477311270683901,-0.014379988322272164
pvdaq_1423,BWh,pvwatts,-0.5,0,rdtools_fitted_gamma,-0.004043417620629771,-0.5132122120660165,-0.5461767327947398,-0.47900663363895923,-0.013212212066016527
pvdaq_1423,BWh,pvwatts,-0.5,1,rdtools_true_gamma,-0.004,-0.5051770306562842,-0.5395269622926798,-0.4734905195059147,-0.005177030656284165
pvdaq_1423,BWh,pvwatts,-0.5,1,rdtools_fitted_gamma,-0.00405886980719161,-0.5043662715373639,-0.5326648406504986,-0.46933509275429536,-0.004366271537363908
pvdaq_1423,BWh,pvwatts,-0.5,2,rdtools_true_gamma,-0.004,-0.48521523672996336,-0.5240911391106218,-0.46082125723369927,0.014784763270036638
pvdaq_1423,BWh,pvwatts,-0.5,2,rdtools_fitted_gamma,-0.004058383377507874,-0.49830934814112937,-0.5332719947066911,-0.47084369113103985,0.0016906518588706287
pvdaq_1423,BWh,pvwatts,-1.0,0,rdtools_true_gamma,-0.004,-1.0230654922281053,-1.054969589620558,-0.9866461334185296,-0.023065492228105278
pvdaq_1423,BWh,pvwatts,-1.0,0,rdtools_fitted_gamma,-0.004099699960707854,-1.0176568679462428,-1.057604372787735,-0.9869586713405043,-0.01765686794624277
pvdaq_1423,BWh,pvwatts,-1.0,1,rdtools_true_gamma,-0.004,-1.004228484708669,-1.032687841726897,-0.972057888930411,-0.0042284847086691
pvdaq_1423,BWh,pvwatts,-1.0,1,rdtools_fitted_gamma,-0.00411512470491711,-1.0038998726083999,-1.0401673747573272,-0.9678776441624626,-0.003899872608399857
pvdaq_1423,BWh,pvwatts,-1.0,2,rdtools_true_gamma,-0.004,-0.9864050308632744,-1.030401579178064,-0.962234422900099,0.013594969136725643
pvdaq_1423,BWh,pvwatts,-1.0,2,rdtools_fitted_gamma,-0.004114629539255844,-1.0059914742881402,-1.0460473949937321,-0.9714953160339324,-0.005991474288140175
pvdaq_1423,BWh,thin_film,-0.5,0,rdtools_true_gamma,-0.002,-0.4956813784416314,-0.5371338101112233,-0.46111852253135077,0.004318621558368596
pvdaq_1423,BWh,thin_film,-0.5,0,rdtools_fitted_gamma,-0.0007429686043875392,-0.48009087839214626,-0.5437104687348981,-0.40636038462692115,0.01990912160785374
pvdaq_1423,BWh,thin_film,-0.5,1,rdtools_true_gamma,-0.002,-0.49133211487781825,-0.5327444343739574,-0.4604365109081132,0.008667885122181751
pvdaq_1423,BWh,thin_film,-0.5,1,rdtools_fitted_gamma,-0.00076238049356613,-0.4690815773948692,-0.5311301834990734,-0.4176020022735649,0.03091842260513078
pvdaq_1423,BWh,thin_film,-0.5,2,rdtools_true_gamma,-0.002,-0.4742553808289418,-0.518108259224348,-0.4480834536689793,0.025744619171058192
pvdaq_1423,BWh,thin_film,-0.5,2,rdtools_fitted_gamma,-0.0007615534470903175,-0.46827640047105457,-0.5178753543445047,-0.39658354828637776,0.031723599528945434
pvdaq_1423,BWh,thin_film,-1.0,0,rdtools_true_gamma,-0.002,-0.9994533593761974,-1.0335787734340185,-0.9635915897255787,0.0005466406238026078
pvdaq_1423,BWh,thin_film,-1.0,0,rdtools_fitted_gamma,-0.0008091218418563984,-0.9941808818997915,-1.0562876372639391,-0.93784596199,0.00581911810020852
pvdaq_1423,BWh,thin_film,-1.0,1,rdtools_true_gamma,-0.002,-0.9976641610287686,-1.0327683468043305,-0.9573007867879124,0.002335838971231352
pvdaq_1423,BWh,thin_film,-1.0,1,rdtools_fitted_gamma,-0.0008284941815060767,-0.975290914052751,-1.03724680636747,-0.9210141363206212,0.024709085947248965
pvdaq_1423,BWh,thin_film,-1.0,2,rdtools_true_gamma,-0.002,-0.9786493289345333,-1.0152723194478317,-0.9404596579755897,0.02135067106546673
pvdaq_1423,BWh,thin_film,-1.0,2,rdtools_fitted_gamma,-0.0008276561064110031,-0.9695670453039817,-1.0125998013778903,-0.9165657788640982,0.030432954696018255
pvdaq_1430,Dfb,pvwatts,-0.5,0,rdtools_true_gamma,-0.004,-0.5051293654758315,-0.524365121764736,-0.4750321673093527,-0.005129365475831538
pvdaq_1430,Dfb,pvwatts,-0.5,0,rdtools_fitted_gamma,-0.003940695170042773,-0.4947150898014531,-0.5263328475534181,-0.47011591161999333,0.005284910198546877
pvdaq_1430,Dfb,pvwatts,-0.5,1,rdtools_true_gamma,-0.004,-0.4872678145438347,-0.5139401637960654,-0.46145127469099845,0.01273218545616528
pvdaq_1430,Dfb,pvwatts,-0.5,1,rdtools_fitted_gamma,-0.004013803545818943,-0.4848797176219721,-0.5113018027185612,-0.46412947859174936,0.015120282378027927
pvdaq_1430,Dfb,pvwatts,-0.5,2,rdtools_true_gamma,-0.004,-0.49844352911485756,-0.5234959485299284,-0.47180521642663353,0.0015564708851424358
pvdaq_1430,Dfb,pvwatts,-0.5,2,rdtools_fitted_gamma,-0.003951271610567577,-0.5011237809456099,-0.5302150855304374,-0.47565860316383657,-0.0011237809456099423
pvdaq_1430,Dfb,pvwatts,-1.0,0,rdtools_true_gamma,-0.004,-1.0041164263680196,-1.0252857338983676,-0.9754858625800165,-0.004116426368019566
pvdaq_1430,Dfb,pvwatts,-1.0,0,rdtools_fitted_gamma,-0.003921364298319849,-0.9973899797098864,-1.0248980679225999,-0.9714005048905886,0.0026100202901135905
pvdaq_1430,Dfb,pvwatts,-1.0,1,rdtools_true_gamma,-0.004,-0.988666047636447,-1.012498603397001,-0.9646839938188572,0.011333952363552946
pvdaq_1430,Dfb,pvwatts,-1.0,1,rdtools_fitted_gamma,-0.0039943746653665745,-0.9886933282033994,-1.0122345333977296,-0.9637429346524338,0.01130667179660061
pvdaq_1430,Dfb,pvwatts,-1.0,2,rdtools_true_gamma,-0.004,-1.0047616940376314,-1.0255788591321844,-0.975525104409074,-0.004761694037631381
pvdaq_1430,Dfb,pvwatts,-1.0,2,rdtools_fitted_gamma,-0.003931918628032627,-1.0076005755880895,-1.0354549002866142,-0.9836450584324918,-0.007600575588089464
pvdaq_1430,Dfb,thin_film,-0.5,0,rdtools_true_gamma,-0.002,-0.49378714565809273,-0.5226707374216265,-0.45890829968380786,0.00621285434190727
pvdaq_1430,Dfb,thin_film,-0.5,0,rdtools_fitted_gamma,-0.0007565120204618548,-0.5268976912840062,-0.578767436663585,-0.48003675262033196,-0.02689769128400621
pvdaq_1430,Dfb,thin_film,-0.5,1,rdtools_true_gamma,-0.002,-0.49764508898152426,-0.5309639176758584,-0.4601997371571964,0.002354911018475736
pvdaq_1430,Dfb,thin_film,-0.5,1,rdtools_fitted_gamma,-0.0008325259718787671,-0.5116991445340446,-0.5534915101247733,-0.4752791995321859,-0.011699144534044637
pvdaq_1430,Dfb,thin_film,-0.5,2,rdtools_true_gamma,-0.002,-0.4818207437491284,-0.5202722132530537,-0.4408310609594883,0.018179256250871578
pvdaq_1430,Dfb,thin_film,-0.5,2,rdtools_fitted_gamma,-0.0007682691288956997,-0.5266718175113316,-0.5772147211840087,-0.48196839272153236,-0.02667181751133163
pvdaq_1430,Dfb,thin_film,-1.0,0,rdtools_true_gamma,-0.002,-0.9954685076791925,-1.023820395769657,-0.9635440985505601,0.0045314923208075175
pvdaq_1430,Dfb,thin_film,-1.0,0,rdtools_fitted_gamma,-0.0007372339887351814,-1.0296366882550165,-1.082983259096614,-0.9799241675843269,-0.02963668825501653
pvdaq_1430,Dfb,thin_film,-1.0,1,rdtools_true_gamma,-0.002,-1.000840334587516,-1.0341308102530404,-0.9609961406666707,-0.0008403345875160895
pvdaq_1430,Dfb,thin_film,-1.0,1,rdtools_fitted_gamma,-0.0008131420445081621,-1.0100996680297403,-1.0611669613681274,-0.9784511678774366,-0.010099668029740272
pvdaq_1430,Dfb,thin_film,-1.0,2,rdtools_true_gamma,-0.002,-0.9840052665568875,-1.0205466648310013,-0.9472747454485786,0.01599473344311253
pvdaq_1430,Dfb,thin_film,-1.0,2,rdtools_fitted_gamma,-0.0007489638664631762,-1.0370407985359824,-1.0856091603874698,-0.9884070860059038,-0.03704079853598241
pvdaq_2107,Csa,pvwatts,-0.5,0,rdtools_true_gamma,-0.004,-0.5194747531942545,-0.5458203868494803,-0.49221047421548203,-0.019474753194254513
pvdaq_2107,Csa,pvwatts,-0.5,0,rdtools_fitted_gamma,-0.00397118194125342,-0.5209082456370306,-0.5470461592242062,-0.49759436918582756,-0.020908245637030642
pvdaq_2107,Csa,pvwatts,-0.5,1,rdtools_true_gamma,-0.004,-0.4941436743333545,-0.53573621820852,-0.4680913533754606,0.005856325666645512
pvdaq_2107,Csa,pvwatts,-0.5,1,rdtools_fitted_gamma,-0.003968578476261687,-0.5095966709355635,-0.537604979605893,-0.4792185710512537,-0.00959667093556349
pvdaq_2107,Csa,pvwatts,-0.5,2,rdtools_true_gamma,-0.004,-0.5109393315959869,-0.5395962102450185,-0.4843596058569037,-0.010939331595986923
pvdaq_2107,Csa,pvwatts,-0.5,2,rdtools_fitted_gamma,-0.00397102124261656,-0.5115032249269569,-0.545759324246404,-0.48847238615573557,-0.011503224926956879
pvdaq_2107,Csa,pvwatts,-1.0,0,rdtools_true_gamma,-0.004,-1.0233743482740643,-1.056443592206171,-0.997089848047739,-0.02337434827406426
pvdaq_2107,Csa,pvwatts,-1.0,0,rdtools_fitted_gamma,-0.0039736717809995175,-1.0250363148561497,-1.051770350147626,-1.0008784228130785,-0.025036314856149655
pvdaq_2107,Csa,pvwatts,-1.0,1,rdtools_true_gamma,-0.004,-1.0021474150874399,-1.0359007790479824,-0.9766331530901832,-0.0021474150874398745
pvdaq_2107,Csa,pvwatts,-1.0,1,rdtools_fitted_gamma,-0.003971121881923425,-1.0153954568041745,-1.0423543669025148,-0.9865908414710745,-0.015395456804174534
pvdaq_2107,Csa,pvwatts,-1.0,2,rdtools_true_gamma,-0.004,-1.0121082614934962,-1.044356657927803,-0.9844344847094177,-0.012108261493496197
pvdaq_2107,Csa,pvwatts,-1.0,2,rdtools_fitted_gamma,-0.003973527172066674,-1.0117231105752633,-1.04692020193639,-0.9890284105055694,-0.011723110575263318
pvdaq_2107,Csa,thin_film,-0.5,0,rdtools_true_gamma,-0.002,-0.512700708478827,-0.5510820487016264,-0.479310576425096,-0.012700708478826983
pvdaq_2107,Csa,thin_film,-0.5,0,rdtools_fitted_gamma,-0.00040478417040777203,-0.5664485859228889,-0.6287364435348552,-0.5056489890955811,-0.06644858592288894
pvdaq_2107,Csa,thin_film,-0.5,1,rdtools_true_gamma,-0.002,-0.49142594422041785,-0.5278468264879044,-0.45094843144115604,0.008574055779582146
pvdaq_2107,Csa,thin_film,-0.5,1,rdtools_fitted_gamma,-0.000407575947073918,-0.5436267918437983,-0.6031525979972918,-0.4824324818465937,-0.04362679184379825
pvdaq_2107,Csa,thin_film,-0.5,2,rdtools_true_gamma,-0.002,-0.5027462718783373,-0.5384683768186523,-0.46367784128928946,-0.002746271878337314
pvdaq_2107,Csa,thin_film,-0.5,2,rdtools_fitted_gamma,-0.00040548388325489337,-0.5589313466181689,-0.6331851957363355,-0.4946930367956348,-0.0589313466181689
pvdaq_2107,Csa,thin_film,-1.0,0,rdtools_true_gamma,-0.002,-1.0230985652898434,-1.0533887643150774,-0.9850541313932033,-0.023098565289843442
pvdaq_2107,Csa,thin_film,-1.0,0,rdtools_fitted_gamma,-0.00040853666515442257,-1.0698718932392435,-1.1425800211888966,-1.0135620866871475,-0.06987189323924348
pvdaq_2107,Csa,thin_film,-1.0,1,rdtools_true_gamma,-0.002,-1.0016615221073166,-1.0363368047408734,-0.9613731835974872,-0.0016615221073166264
pvdaq_2107,Csa,thin_film,-1.0,1,rdtools_fitted_gamma,-0.00041138770538724263,-1.0457487050475334,-1.1015157254424879,-0.9905195571431203,-0.04574870504753337
pvdaq_2107,Csa,thin_film,-1.0,2,rdtools_true_gamma,-0.002,-1.0084824418451155,-1.0391402635896676,-0.9683923211989733,-0.008482441845115485
pvdaq_2107,Csa,thin_film,-1.0,2,rdtools_fitted_gamma,-0.0004092540129912748,-1.0766969982840602,-1.1456583156199858,-1.0095238493113112,-0.07669699828406018
