weather,climate,family,rate,noise_seed,plr,ci_low,ci_high,plr_se,plr_seed_sd,jackknife_years,covered,fit_seconds
dkasc_7,BWh,pvwatts,-0.5,0,-0.5027594681164806,-0.5487861818511898,-0.4567327543817716,0.02348301721158627,0.00796700265520799,13,True,528.0193369000008
dkasc_7,BWh,pvwatts,-0.5,1,-0.4950942437951539,-0.5243370662806636,-0.4658514213096442,0.014919807390566161,0.008237964140969995,13,True,553.0027970999981
dkasc_7,BWh,pvwatts,-0.5,2,-0.49807795458746507,-0.5485608733558771,-0.447595035819053,0.025756591208373487,0.0050598020118253545,13,True,547.1962840000015
dkasc_7,BWh,pvwatts,-1.0,0,-1.0043328951904498,-1.0399912949403458,-0.9686744954405537,0.018193061096885732,0.007153221399460586,13,True,530.4140081999976
dkasc_7,BWh,pvwatts,-1.0,1,-0.9980582179083484,-1.0347631774899253,-0.9613532583267714,0.018727020194682132,0.006558272825018494,13,True,537.5560012999995
dkasc_7,BWh,pvwatts,-1.0,2,-1.0039107518115782,-1.0478003102296896,-0.9600211933934668,0.022392631845975192,0.0036284756183841936,13,True,523.6023314000013
dkasc_7,BWh,thin_film,-0.5,0,-0.49591323780225255,-0.5455539473919779,-0.44627252821252716,0.025326892647819062,0.006449681682949811,13,True,527.5264725000015
dkasc_7,BWh,thin_film,-0.5,1,-0.4916570385042814,-0.5317695685320649,-0.45154450847649785,0.020465576544787506,0.004878681695596111,13,True,540.2481684999984
dkasc_7,BWh,thin_film,-0.5,2,-0.49729001154848035,-0.5574587089578321,-0.4371213141391286,0.030698315004771305,0.011617910786982686,13,True,547.2171075000006
dkasc_7,BWh,thin_film,-1.0,0,-0.9996551965350216,-1.05808279661562,-0.9412275964544229,0.029810000041121755,0.006051762527911529,13,True,550.2562945000027
dkasc_7,BWh,thin_film,-1.0,1,-0.9982429156832417,-1.0379858768314743,-0.9584999545350092,0.020277020993996177,0.009693703399914192,13,True,540.2581401000061
dkasc_7,BWh,thin_film,-1.0,2,-1.0018597103032272,-1.0396722435058212,-0.9640471771006333,0.01929210877683364,0.005511328456840339,13,True,563.1543038000018
pvdaq_1430,Dfb,pvwatts,-0.5,0,-0.49911346864282957,-0.5440877049361984,-0.45413923234946074,0.02294603892518818,0.012501500232048579,9,True,421.3174169000049
pvdaq_1430,Dfb,pvwatts,-0.5,1,-0.4875689720659203,-0.5451386706846406,-0.42999927344719996,0.029372295213632823,0.00997096111538851,9,True,417.6917917999963
pvdaq_1430,Dfb,pvwatts,-0.5,2,-0.5020177360762315,-0.5492910903635768,-0.4547443817888861,0.024119058309870083,0.006610012801917498,9,True,415.77588200000173
pvdaq_1430,Dfb,pvwatts,-1.0,0,-1.0065762742400886,-1.0488852559514954,-0.9642672925286817,0.021586215158881053,0.0058858309897530875,9,True,421.903155699998
pvdaq_1430,Dfb,pvwatts,-1.0,1,-0.9938121738059198,-1.0405507625882944,-0.9470735850235452,0.023846218766517626,0.011662306969904324,9,True,428.30552180000086
pvdaq_1430,Dfb,pvwatts,-1.0,2,-0.9980817791480356,-1.033903779827902,-0.9622597784681692,0.01827653095911554,0.0038908120373464345,9,True,427.4396151999972
pvdaq_1430,Dfb,thin_film,-0.5,0,-0.5055459777131405,-0.5593876801758118,-0.45170427525046913,0.02747025635850578,0.01086563138954506,9,True,439.41995029999816
pvdaq_1430,Dfb,thin_film,-0.5,1,-0.49282833578219487,-0.5421079291388611,-0.4435487424255287,0.025142649671768446,0.006482575487753163,9,True,441.6333328999972
pvdaq_1430,Dfb,thin_film,-0.5,2,-0.49650245809817134,-0.5468442855499321,-0.44616063064641054,0.025684605842735103,0.0048147678851353385,9,True,426.29435370000283
pvdaq_1430,Dfb,thin_film,-1.0,0,-0.9977327656151228,-1.0380025587324129,-0.9574629724978327,0.02054581281494392,0.0038929263323211794,9,True,419.0499828999964
pvdaq_1430,Dfb,thin_film,-1.0,1,-0.9968161009210432,-1.0496939304064064,-0.9439382714356802,0.026978484431307678,0.012159635279351794,9,True,422.82353400000284
pvdaq_1430,Dfb,thin_film,-1.0,2,-1.0053014636039652,-1.0507361081549622,-0.9598668190529682,0.02318094109744743,0.009620209008292453,9,True,421.0846243999986
