weather,climate,scenario,seed,method,plr,truth_avg,error,breakpoint_years
dkasc_7,BWh,knee,0,rdtools,-1.0474585724050511,-1.0,-0.047458572405051136,
dkasc_7,BWh,knee,0,xgboost,-0.9394620787614909,-1.0,0.060537921238509096,
dkasc_7,BWh,knee,0,tcn,-0.9519942187099796,-1.0,0.04800578129002042,
dkasc_7,BWh,knee,0,pvusa,-0.9671783935354342,-1.0,0.03282160646456578,
dkasc_7,BWh,knee,0,khd_full,-0.9823575665891225,-1.0,0.017642433410877456,
dkasc_7,BWh,knee,0,stl,-0.9863430053599628,-1.0,0.013656994640037223,
dkasc_7,BWh,knee,0,changepoint,-1.0012234688672372,-1.0,-0.0012234688672372318,5.9986310746064335
dkasc_7,BWh,knee,1,rdtools,-1.0487823907970706,-1.0,-0.048782390797070585,
dkasc_7,BWh,knee,1,xgboost,-0.9549854172367589,-1.0,0.04501458276324111,
dkasc_7,BWh,knee,1,tcn,-0.9401064430550998,-1.0,0.05989355694490017,
dkasc_7,BWh,knee,1,pvusa,-0.943300862498766,-1.0,0.05669913750123401,
dkasc_7,BWh,knee,1,khd_full,-0.988147387500434,-1.0,0.01185261249956604,
dkasc_7,BWh,knee,1,stl,-0.9939202417481663,-1.0,0.006079758251833711,
dkasc_7,BWh,knee,1,changepoint,-1.0013818900042766,-1.0,-0.0013818900042765758,5.9986310746064335
dkasc_7,BWh,knee,2,rdtools,-1.073780282950971,-1.0,-0.07378028295097105,
dkasc_7,BWh,knee,2,xgboost,-0.9217519675413697,-1.0,0.07824803245863032,
dkasc_7,BWh,knee,2,tcn,-0.9197369459042006,-1.0,0.08026305409579937,
dkasc_7,BWh,knee,2,pvusa,-0.9694824828515057,-1.0,0.030517517148494266,
dkasc_7,BWh,knee,2,khd_full,-0.9902878591965293,-1.0,0.009712140803470715,
dkasc_7,BWh,knee,2,stl,-0.9897742413509601,-1.0,0.010225758649039851,
dkasc_7,BWh,knee,2,changepoint,-0.9976270781606908,-1.0,0.00237292183930915,5.9137577002053385
dkasc_7,BWh,step,0,rdtools,-0.5307392403664624,-0.72794886599843,0.19720962563196764,
dkasc_7,BWh,step,0,xgboost,-0.537957915262044,-0.72794886599843,0.18999095073638606,
dkasc_7,BWh,step,0,tcn,-0.5532560598537748,-0.72794886599843,0.1746928061446552,
dkasc_7,BWh,step,0,pvusa,-0.5461861724702866,-0.72794886599843,0.18176269352814345,
dkasc_7,BWh,step,0,khd_full,-0.8648222226080018,-0.72794886599843,-0.13687335660957178,
dkasc_7,BWh,step,0,stl,-0.8351021266288159,-0.72794886599843,-0.10715326063038588,
dkasc_7,BWh,step,0,changepoint,-0.7979181831902198,-0.72794886599843,-0.06996931719178978,9.166324435318275
dkasc_7,BWh,step,1,rdtools,-0.5407774222281614,-0.72794886599843,0.18717144377026862,
dkasc_7,BWh,step,1,xgboost,-0.5339482085870872,-0.72794886599843,0.19400065741134276,
dkasc_7,BWh,step,1,tcn,-0.5665893161390267,-0.72794886599843,0.16135954985940326,
dkasc_7,BWh,step,1,pvusa,-0.5470477950650767,-0.72794886599843,0.18090107093335328,
dkasc_7,BWh,step,1,khd_full,-0.8638863362781323,-0.72794886599843,-0.13593747027970227,
dkasc_7,BWh,step,1,stl,-0.8435547870269802,-0.72794886599843,-0.11560592102855016,
dkasc_7,BWh,step,1,changepoint,-0.8027403803601617,-0.72794886599843,-0.0747915143617317,8.999315537303216
dkasc_7,BWh,step,2,rdtools,-0.5371090733512829,-0.72794886599843,0.19083979264714712,
dkasc_7,BWh,step,2,xgboost,-0.5333460540327295,-0.72794886599843,0.1946028119657005,
dkasc_7,BWh,step,2,tcn,-0.5481159575283331,-0.72794886599843,0.17983290847009692,
dkasc_7,BWh,step,2,pvusa,-0.5387345736772853,-0.72794886599843,0.18921429232114473,
dkasc_7,BWh,step,2,khd_full,-0.879256043767616,-0.72794886599843,-0.151307177769186,
dkasc_7,BWh,step,2,stl,-0.8371208010305972,-0.72794886599843,-0.10917193503216716,
dkasc_7,BWh,step,2,changepoint,-0.8002449843059081,-0.72794886599843,-0.07229611830747806,9.08145106091718
dkasc_7,BWh,soiling,0,rdtools,-0.7778303746845516,-1.0,0.22216962531544837,
dkasc_7,BWh,soiling,0,xgboost,-0.5284951835417662,-1.0,0.47150481645823383,
dkasc_7,BWh,soiling,0,tcn,-0.4703193163753823,-1.0,0.5296806836246177,
dkasc_7,BWh,soiling,0,pvusa,-0.5278720878808429,-1.0,0.47212791211915706,
dkasc_7,BWh,soiling,0,khd_full,-0.8864955759707595,-1.0,0.11350442402924055,
dkasc_7,BWh,soiling,0,stl,-0.9084432787902322,-1.0,0.09155672120976777,
dkasc_7,BWh,soiling,0,changepoint,-0.9029915077211127,-1.0,0.0970084922788873,
dkasc_7,BWh,soiling,1,rdtools,-1.0048319664759422,-1.0,-0.004831966475942195,
dkasc_7,BWh,soiling,1,xgboost,-1.08172563766043,-1.0,-0.08172563766043006,
dkasc_7,BWh,soiling,1,tcn,-1.1378879048779238,-1.0,-0.1378879048779238,
dkasc_7,BWh,soiling,1,pvusa,-1.1308016467705297,-1.0,-0.13080164677052974,
dkasc_7,BWh,soiling,1,khd_full,-1.028835815460444,-1.0,-0.028835815460444003,
dkasc_7,BWh,soiling,1,stl,-1.0757103322859618,-1.0,-0.0757103322859618,
dkasc_7,BWh,soiling,1,changepoint,-1.0919371376545015,-1.0,-0.09193713765450151,
dkasc_7,BWh,soiling,2,rdtools,-1.169081732410432,-1.0,-0.1690817324104319,
dkasc_7,BWh,soiling,2,xgboost,-1.2527623817573832,-1.0,-0.2527623817573832,
dkasc_7,BWh,soiling,2,tcn,-0.9872336113707414,-1.0,0.012766388629258607,
dkasc_7,BWh,soiling,2,pvusa,-1.115578451228028,-1.0,-0.11557845122802801,
dkasc_7,BWh,soiling,2,khd_full,-0.9444821485821625,-1.0,0.055517851417837494,
dkasc_7,BWh,soiling,2,stl,-0.9766288556345252,-1.0,0.023371144365474827,
dkasc_7,BWh,soiling,2,changepoint,-0.9758688323533924,-1.0,0.02413116764660761,
dkasc_7,BWh,non_pvwatts,0,rdtools,-0.9711620214359673,-1.0,0.028837978564032696,
dkasc_7,BWh,non_pvwatts,0,xgboost,-0.9969038173002303,-1.0,0.003096182699769745,
dkasc_7,BWh,non_pvwatts,0,tcn,-0.9887945707955592,-1.0,0.011205429204440787,
dkasc_7,BWh,non_pvwatts,0,pvusa,-1.0080664468476053,-1.0,-0.008066446847605269,
dkasc_7,BWh,non_pvwatts,0,khd_full,-1.0057362073050107,-1.0,-0.0057362073050106765,
dkasc_7,BWh,non_pvwatts,0,stl,-0.9606223870113927,-1.0,0.03937761298860731,
dkasc_7,BWh,non_pvwatts,0,changepoint,-0.9751680362207154,-1.0,0.02483196377928465,5.585215605749487
dkasc_7,BWh,non_pvwatts,1,rdtools,-0.9764780972545739,-1.0,0.023521902745426093,
dkasc_7,BWh,non_pvwatts,1,xgboost,-0.9788885417041269,-1.0,0.02111145829587313,
dkasc_7,BWh,non_pvwatts,1,tcn,-1.0100563450629152,-1.0,-0.010056345062915195,
dkasc_7,BWh,non_pvwatts,1,pvusa,-1.0212955665253542,-1.0,-0.021295566525354248,
dkasc_7,BWh,non_pvwatts,1,khd_full,-0.9990361039264142,-1.0,0.0009638960735858237,
dkasc_7,BWh,non_pvwatts,1,stl,-0.967857123574946,-1.0,0.03214287642505398,
dkasc_7,BWh,non_pvwatts,1,changepoint,-0.975726663228451,-1.0,0.02427333677154897,5.585215605749487
dkasc_7,BWh,non_pvwatts,2,rdtools,-0.97110371873384,-1.0,0.02889628126615995,
dkasc_7,BWh,non_pvwatts,2,xgboost,-0.9705388163493858,-1.0,0.02946118365061423,
dkasc_7,BWh,non_pvwatts,2,tcn,-0.9732255371366139,-1.0,0.02677446286338614,
dkasc_7,BWh,non_pvwatts,2,pvusa,-0.9950614004269371,-1.0,0.004938599573062863,
dkasc_7,BWh,non_pvwatts,2,khd_full,-1.010329612291013,-1.0,-0.010329612291013035,
dkasc_7,BWh,non_pvwatts,2,stl,-0.9651583186995588,-1.0,0.034841681300441185,
dkasc_7,BWh,non_pvwatts,2,changepoint,-0.9758982870581664,-1.0,0.02410171294183361,5.585215605749487
pvdaq_1430,Dfb,knee,0,rdtools,-1.0098669074128541,-1.0,-0.00986690741285412,
pvdaq_1430,Dfb,knee,0,xgboost,-0.9437981372132183,-1.0,0.05620186278678174,
pvdaq_1430,Dfb,knee,0,tcn,-0.9553904082136715,-1.0,0.044609591786328506,
pvdaq_1430,Dfb,knee,0,pvusa,-1.004131984076364,-1.0,-0.004131984076364059,
pvdaq_1430,Dfb,knee,0,khd_full,-1.0188494102317924,-1.0,-0.01884941023179243,
pvdaq_1430,Dfb,knee,0,stl,-0.9902843132083915,-1.0,0.009715686791608502,
pvdaq_1430,Dfb,knee,0,changepoint,-0.990373411729463,-1.0,0.009626588270536973,4.4106776180698155
pvdaq_1430,Dfb,knee,1,rdtools,-0.9961873878128562,-1.0,0.0038126121871437935,
pvdaq_1430,Dfb,knee,1,xgboost,-0.9496871522285733,-1.0,0.05031284777142675,
pvdaq_1430,Dfb,knee,1,tcn,-0.9404499796383303,-1.0,0.059550020361669675,
pvdaq_1430,Dfb,knee,1,pvusa,-1.0030451171869657,-1.0,-0.0030451171869656513,
pvdaq_1430,Dfb,knee,1,khd_full,-1.0014935496185806,-1.0,-0.001493549618580614,
pvdaq_1430,Dfb,knee,1,stl,-0.9840861495956593,-1.0,0.01591385040434068,
pvdaq_1430,Dfb,knee,1,changepoint,-0.9868079383727884,-1.0,0.013192061627211649,4.4106776180698155
pvdaq_1430,Dfb,knee,2,rdtools,-0.9962131437833643,-1.0,0.003786856216635659,
pvdaq_1430,Dfb,knee,2,xgboost,-0.9206475713506876,-1.0,0.07935242864931236,
pvdaq_1430,Dfb,knee,2,tcn,-0.9492241496699154,-1.0,0.05077585033008458,
pvdaq_1430,Dfb,knee,2,pvusa,-1.010889242387833,-1.0,-0.010889242387833065,
pvdaq_1430,Dfb,knee,2,khd_full,-1.0133657442864354,-1.0,-0.013365744286435444,
pvdaq_1430,Dfb,knee,2,stl,-0.9906008068418175,-1.0,0.009399193158182495,
pvdaq_1430,Dfb,knee,2,changepoint,-0.9913095773070245,-1.0,0.008690422692975486,4.4106776180698155
pvdaq_1430,Dfb,step,0,rdtools,-0.5882479570730772,-0.828226311667971,0.2399783545948938,
pvdaq_1430,Dfb,step,0,xgboost,-0.5863700416274036,-0.828226311667971,0.24185627004056742,
pvdaq_1430,Dfb,step,0,tcn,-0.5882475725450476,-0.828226311667971,0.23997873912292345,
pvdaq_1430,Dfb,step,0,pvusa,-0.7092443607126305,-0.828226311667971,0.11898195095534048,
pvdaq_1430,Dfb,step,0,khd_full,-0.9966914413268201,-0.828226311667971,-0.16846512965884908,
pvdaq_1430,Dfb,step,0,stl,-0.9848960252871188,-0.828226311667971,-0.15666971361914783,
pvdaq_1430,Dfb,step,0,changepoint,-0.9033032680653352,-0.828226311667971,-0.07507695639736423,6.913073237508556
pvdaq_1430,Dfb,step,1,rdtools,-0.5723654519216803,-0.828226311667971,0.2558608597462907,
pvdaq_1430,Dfb,step,1,xgboost,-0.5970320640913356,-0.828226311667971,0.23119424757663543,
pvdaq_1430,Dfb,step,1,tcn,-0.6246150392466747,-0.828226311667971,0.20361127242129629,
pvdaq_1430,Dfb,step,1,pvusa,-0.7020505824655299,-0.828226311667971,0.12617572920244113,
pvdaq_1430,Dfb,step,1,khd_full,-0.9829056158598368,-0.828226311667971,-0.15467930419186582,
pvdaq_1430,Dfb,step,1,stl,-0.9798239375376044,-0.828226311667971,-0.15159762586963343,
pvdaq_1430,Dfb,step,1,changepoint,-0.8966397518015942,-0.828226311667971,-0.06841344013362316,6.997946611909651
pvdaq_1430,Dfb,step,2,rdtools,-0.5953344607595668,-0.828226311667971,0.23289185090840425,
pvdaq_1430,Dfb,step,2,xgboost,-0.6040107900101177,-0.828226311667971,0.2242155216578533,
pvdaq_1430,Dfb,step,2,tcn,-0.6212531504924487,-0.828226311667971,0.20697316117552234,
pvdaq_1430,Dfb,step,2,pvusa,-0.7244925067831259,-0.828226311667971,0.10373380488484507,
pvdaq_1430,Dfb,step,2,khd_full,-0.9876813513928747,-0.828226311667971,-0.1594550397249037,
pvdaq_1430,Dfb,step,2,stl,-0.984718690952028,-0.828226311667971,-0.15649237928405701,
pvdaq_1430,Dfb,step,2,changepoint,-0.8994495496686118,-0.828226311667971,-0.07122323800064079,6.997946611909651
pvdaq_1430,Dfb,soiling,0,rdtools,-0.7486019550451417,-1.0,0.2513980449548583,
pvdaq_1430,Dfb,soiling,0,xgboost,-0.7129944615426376,-1.0,0.28700553845736243,
pvdaq_1430,Dfb,soiling,0,tcn,-0.7662975561554486,-1.0,0.2337024438445514,
pvdaq_1430,Dfb,soiling,0,pvusa,-0.8178445516887622,-1.0,0.18215544831123776,
pvdaq_1430,Dfb,soiling,0,khd_full,-0.8760475905518832,-1.0,0.12395240944811681,
pvdaq_1430,Dfb,soiling,0,stl,-0.9258749702756178,-1.0,0.07412502972438217,
pvdaq_1430,Dfb,soiling,0,changepoint,-0.9252602669464702,-1.0,0.07473973305352977,
pvdaq_1430,Dfb,soiling,1,rdtools,-1.0198703080818525,-1.0,-0.019870308081852528,
pvdaq_1430,Dfb,soiling,1,xgboost,-1.1583429761196717,-1.0,-0.15834297611967174,
pvdaq_1430,Dfb,soiling,1,tcn,-1.2765144968652442,-1.0,-0.2765144968652442,
pvdaq_1430,Dfb,soiling,1,pvusa,-1.0216137652249246,-1.0,-0.02161376522492464,
pvdaq_1430,Dfb,soiling,1,khd_full,-1.0372194176892238,-1.0,-0.037219417689223766,
pvdaq_1430,Dfb,soiling,1,stl,-1.0022167252017713,-1.0,-0.002216725201771297,
pvdaq_1430,Dfb,soiling,1,changepoint,-1.04602037469998,-1.0,-0.046020374699980104,
pvdaq_1430,Dfb,soiling,2,rdtools,-0.8070085640812796,-1.0,0.19299143591872037,
pvdaq_1430,Dfb,soiling,2,xgboost,-0.6133332824318438,-1.0,0.3866667175681562,
pvdaq_1430,Dfb,soiling,2,tcn,-0.6935181647276467,-1.0,0.3064818352723533,
pvdaq_1430,Dfb,soiling,2,pvusa,-0.8152547328132254,-1.0,0.18474526718677464,
pvdaq_1430,Dfb,soiling,2,khd_full,-0.9557590917798555,-1.0,0.04424090822014448,
pvdaq_1430,Dfb,soiling,2,stl,-0.9844308949581622,-1.0,0.015569105041837838,
pvdaq_1430,Dfb,soiling,2,changepoint,-0.9883363663874394,-1.0,0.01166363361256062,
pvdaq_1430,Dfb,non_pvwatts,0,rdtools,-0.9314190902878272,-1.0,0.06858090971217279,
pvdaq_1430,Dfb,non_pvwatts,0,xgboost,-0.9761521987122712,-1.0,0.023847801287728787,
pvdaq_1430,Dfb,non_pvwatts,0,tcn,-0.9818187111592065,-1.0,0.018181288840793508,
pvdaq_1430,Dfb,non_pvwatts,0,pvusa,-1.0058168171031774,-1.0,-0.005816817103177385,
pvdaq_1430,Dfb,non_pvwatts,0,khd_full,-1.0076409771356512,-1.0,-0.00764097713565115,
pvdaq_1430,Dfb,non_pvwatts,0,stl,-0.9618934301365273,-1.0,0.03810656986347272,
pvdaq_1430,Dfb,non_pvwatts,0,changepoint,-1.065013187143981,-1.0,-0.06501318714398097,
pvdaq_1430,Dfb,non_pvwatts,1,rdtools,-0.9502481672331713,-1.0,0.04975183276682871,
pvdaq_1430,Dfb,non_pvwatts,1,xgboost,-0.9713288518521934,-1.0,0.02867114814780658,
pvdaq_1430,Dfb,non_pvwatts,1,tcn,-0.9891534958155701,-1.0,0.010846504184429895,
pvdaq_1430,Dfb,non_pvwatts,1,pvusa,-1.001365634779111,-1.0,-0.0013656347791108914,
pvdaq_1430,Dfb,non_pvwatts,1,khd_full,-1.0021364383030658,-1.0,-0.0021364383030657574,
pvdaq_1430,Dfb,non_pvwatts,1,stl,-0.9632693546812129,-1.0,0.036730645318787114,
pvdaq_1430,Dfb,non_pvwatts,1,changepoint,-1.0612081375192397,-1.0,-0.0612081375192397,
pvdaq_1430,Dfb,non_pvwatts,2,rdtools,-0.9596649358433518,-1.0,0.040335064156648226,
pvdaq_1430,Dfb,non_pvwatts,2,xgboost,-0.9734868998395176,-1.0,0.02651310016048236,
pvdaq_1430,Dfb,non_pvwatts,2,tcn,-0.9639747003544918,-1.0,0.03602529964550816,
pvdaq_1430,Dfb,non_pvwatts,2,pvusa,-0.9910847636510567,-1.0,0.008915236348943312,
pvdaq_1430,Dfb,non_pvwatts,2,khd_full,-1.0008735190365972,-1.0,-0.000873519036597159,
pvdaq_1430,Dfb,non_pvwatts,2,stl,-0.9675380326519811,-1.0,0.03246196734801887,
pvdaq_1430,Dfb,non_pvwatts,2,changepoint,-1.065247457605554,-1.0,-0.06524745760555395,
