system_id,climate,group,shap_poa_n,shap_tcell_n,shap_tamb_n,shap_hour_sin,shap_hour_cos,shap_doy_sin,shap_doy_cos
dkasc_7,BWh,hot/arid,0.8986164331436157,0.015339193865656853,0.011344016529619694,0.008949505165219307,0.040769077837467194,0.007937153801321983,0.017044633626937866
dkasc_8,BWh,hot/arid,0.8218871355056763,0.03655605390667915,0.012398993596434593,0.0027119487058371305,0.04474906623363495,0.01804228127002716,0.0636545792222023
dkasc_10,BWh,hot/arid,0.8303443193435669,0.01965349353849888,0.030102113261818886,0.015883365646004677,0.05814967304468155,0.009751229546964169,0.036115847527980804
dkasc_11,BWh,hot/arid,0.8462485074996948,0.015516748651862144,0.031010949984192848,0.012164616957306862,0.057614922523498535,0.007907450199127197,0.029536861926317215
dkasc_13,BWh,hot/arid,0.8169557452201843,0.02973114885389805,0.02237556129693985,0.008140591904520988,0.05561547726392746,0.017349114641547203,0.049832407385110855
dkasc_17,BWh,hot/arid,0.9014438390731812,0.01453485619276762,0.023560335859656334,0.007783506065607071,0.03499498590826988,0.005425500683486462,0.012256969697773457
dkasc_12,BWh,hot/arid,0.852760910987854,0.015342600643634796,0.03333394601941109,0.007753609213978052,0.0629083663225174,0.007068769074976444,0.020831923931837082
dkasc_14,BWh,hot/arid,0.8753668069839478,0.01540567260235548,0.032407455146312714,0.007555347867310047,0.04357769340276718,0.01292613334953785,0.012760929763317108
dkasc_18,BWh,hot/arid,0.8817108869552612,0.017694415524601936,0.030784592032432556,0.006406418979167938,0.03285559266805649,0.006424380000680685,0.02412373013794422
dkasc_19,BWh,hot/arid,0.8708909153938293,0.017059963196516037,0.042593248188495636,0.007519137114286423,0.0401487722992897,0.006446614861488342,0.015341339632868767
dkasc_20,BWh,hot/arid,0.8580447435379028,0.01782468892633915,0.04569731652736664,0.005990450270473957,0.04423696920275688,0.008380012586712837,0.019825829192996025
dkasc_21,BWh,hot/arid,0.8504372835159302,0.017251497134566307,0.03867308050394058,0.015039468184113503,0.056522585451602936,0.00748306792229414,0.014592980965971947
pvdaq_1430,Dfb,other,0.866517186164856,0.05795418471097946,0.021843047812581062,0.007469391915947199,0.005547808948904276,0.021390197798609734,0.019278228282928467
pvdaq_1423,BWh,hot/arid,0.8242731094360352,0.012178855948150158,0.025457773357629776,0.011184806935489178,0.015372654423117638,0.04628097265958786,0.06525179743766785
pvdaq_2107,Csa,other,0.7506396770477295,0.0666017085313797,0.020845085382461548,0.0900515541434288,0.01904764585196972,0.023806463927030563,0.02900787629187107
