site_id,method,site_mae
alice_springs,gru,0.0053210583198308
alice_springs,informer,0.008586768783606027
alice_springs,khd_24,0.018088560515518232
alice_springs,khd_full,0.006210159317167595
alice_springs,khd_linear,0.005552794696732713
alice_springs,lstm,0.008997558422206448
alice_springs,patchtst,0.011372967808102305
alice_springs,random_forest,0.05664932765579495
alice_springs,rdtools,0.016986980807661558
alice_springs,tcn,0.012329857751338913
alice_springs,tcn_full,0.03424682041626088
alice_springs,xgboost,0.015113459890194983
alice_springs,xgboost_full,0.12575047749286253
alice_springs,xgboost_w24,0.031126165357330565
antalya,gru,0.010580801932471753
antalya,informer,0.015170843166941802
antalya,khd_24,0.01571268304829393
antalya,khd_full,0.0068577329415949045
antalya,khd_linear,0.006282116372873158
antalya,lstm,0.01093728457597568
antalya,patchtst,0.013775971038806026
antalya,random_forest,0.05361590858377557
antalya,rdtools,0.034977682443844395
antalya,tcn,0.013896211312884885
antalya,tcn_full,0.03233008094445953
antalya,xgboost,0.01950063064227611
antalya,xgboost_full,0.09936864270990303
antalya,xgboost_w24,0.024443756960215706
auckland,gru,0.020167577405364595
auckland,informer,0.014756692799829677
auckland,khd_24,0.013378962650808346
auckland,khd_full,0.0056278765782284
auckland,khd_linear,0.008012522374171152
auckland,lstm,0.014551483534715545
auckland,patchtst,0.02230587163375966
auckland,random_forest,0.02545167584925068
auckland,rdtools,0.016779295411285935
auckland,tcn,0.015362868760097168
auckland,tcn_full,0.03778515546020198
auckland,xgboost,0.015758045392625417
auckland,xgboost_full,0.11305249674140226
auckland,xgboost_w24,0.022542911161923456
calama,gru,0.011926678248929517
calama,informer,0.0074823898673823845
calama,khd_24,0.014933774158520393
calama,khd_full,0.004835012474769737
calama,khd_linear,0.005256089496686045
calama,lstm,0.006472235239736339
calama,patchtst,0.026331058653282762
calama,random_forest,0.07160487495751203
calama,rdtools,0.009757855446007768
calama,tcn,0.008228411196301045
calama,tcn_full,0.07703016243564562
calama,xgboost,0.029392855000648647
calama,xgboost_full,0.15976290997784032
calama,xgboost_w24,0.04452509165586751
cape_town,gru,0.010496587789004572
cape_town,informer,0.009524264660193007
cape_town,khd_24,0.020198950784057382
cape_town,khd_full,0.005893355973770248
cape_town,khd_linear,0.006564319111226888
cape_town,lstm,0.010727510076659771
cape_town,patchtst,0.009988391164844956
cape_town,random_forest,0.05257515240591649
cape_town,rdtools,0.0498857592848192
cape_town,tcn,0.006089106128102951
cape_town,tcn_full,0.010388873865922738
cape_town,xgboost,0.021657484483612346
cape_town,xgboost_full,0.09037672658295459
cape_town,xgboost_w24,0.028173366757411823
delhi,gru,0.006788219941708899
delhi,informer,0.013677124060522567
delhi,khd_24,0.018811602913291262
delhi,khd_full,0.007308749402971687
delhi,khd_linear,0.006188887191299758
delhi,lstm,0.011859703514330197
delhi,patchtst,0.015861313368464306
delhi,random_forest,0.033340981883345604
delhi,rdtools,0.03131380147616225
delhi,tcn,0.011252327555050299
delhi,tcn_full,0.054302255681032856
delhi,xgboost,0.01664866572405721
delhi,xgboost_full,0.12266071248034938
delhi,xgboost_w24,0.019994001148226716
dubai,gru,0.009297993973589352
dubai,informer,0.008160794033051144
dubai,khd_24,0.020984734952474323
dubai,khd_full,0.0071397697922186655
dubai,khd_linear,0.007806704330793103
dubai,lstm,0.009935814518021585
dubai,patchtst,0.014985173452756554
dubai,random_forest,0.0353686725644123
dubai,rdtools,0.01231423408956768
dubai,tcn,0.004806746497109012
dubai,tcn_full,0.02541956190000762
dubai,xgboost,0.012010533728993794
dubai,xgboost_full,0.10709806652199416
dubai,xgboost_w24,0.021012590697829004
golden,gru,0.006152576595968393
golden,informer,0.016279892195007358
golden,khd_24,0.013857564676487688
golden,khd_full,0.006565527674577391
golden,khd_linear,0.007828692611597613
golden,lstm,0.007984204506241049
golden,patchtst,0.008218396854997609
golden,random_forest,0.057390215958100795
golden,rdtools,0.010427458857429387
golden,tcn,0.009104087207419731
golden,tcn_full,0.03257185705629849
golden,xgboost,0.03209618645259263
golden,xgboost_full,0.10473008415039171
golden,xgboost_w24,0.03963855677863465
hong_kong,gru,0.01895061330581177
hong_kong,informer,0.019388690940884756
hong_kong,khd_24,0.02280468239504213
hong_kong,khd_full,0.0062532250537572125
hong_kong,khd_linear,0.0038629763370458723
hong_kong,lstm,0.014947634871145263
hong_kong,patchtst,0.011243745658658147
hong_kong,random_forest,0.04695138792912931
hong_kong,rdtools,0.03492020529605497
hong_kong,tcn,0.011061390206073487
hong_kong,tcn_full,0.015035892315757277
hong_kong,xgboost,0.017820324581833778
hong_kong,xgboost_full,0.10464267502088025
hong_kong,xgboost_w24,0.025483435353332178
lagos,gru,0.013921084451589951
lagos,informer,0.015550614574986951
lagos,khd_24,0.01781597633854247
lagos,khd_full,0.007778821258160609
lagos,khd_linear,0.011558888076434523
lagos,lstm,0.012765992166444343
lagos,patchtst,0.011940212819375467
lagos,random_forest,0.04668214219005762
lagos,rdtools,0.02589226962139486
lagos,tcn,0.010813255869888275
lagos,tcn_full,0.024641579707815067
lagos,xgboost,0.021119414808246875
lagos,xgboost_full,0.10172817814070978
lagos,xgboost_w24,0.03237712559536378
madrid,gru,0.00802885256299224
madrid,informer,0.006185166380944833
madrid,khd_24,0.016065531114678736
madrid,khd_full,0.009923563325480278
madrid,khd_linear,0.009836370925061557
madrid,lstm,0.00884358538231915
madrid,patchtst,0.011723308432437352
madrid,random_forest,0.04948230728835095
madrid,rdtools,0.042180580560811504
madrid,tcn,0.011180638466808399
madrid,tcn_full,0.021760990519295826
madrid,xgboost,0.010715089694121044
madrid,xgboost_full,0.1106568912077568
madrid,xgboost_w24,0.021955963345049855
marrakech,gru,0.004864092204517108
marrakech,informer,0.009943986370106633
marrakech,khd_24,0.022392408117782116
marrakech,khd_full,0.011195889977994472
marrakech,khd_linear,0.010748984137261155
marrakech,lstm,0.00485759355790627
marrakech,patchtst,0.007547076396455886
marrakech,random_forest,0.03493756981134725
marrakech,rdtools,0.04497520731896717
marrakech,tcn,0.010349468612702847
marrakech,tcn_full,0.02657117389652773
marrakech,xgboost,0.016866249346390572
marrakech,xgboost_full,0.09951656272452515
marrakech,xgboost_w24,0.018616418651735866
nairobi,gru,0.0049810826778341295
nairobi,informer,0.013042102958918764
nairobi,khd_24,0.020317000657669757
nairobi,khd_full,0.007103439454794802
nairobi,khd_linear,0.007426937707270047
nairobi,lstm,0.014563035329430254
nairobi,patchtst,0.013782388094455117
nairobi,random_forest,0.03879842568505069
nairobi,rdtools,0.017697620358233662
nairobi,tcn,0.010926382904293883
nairobi,tcn_full,0.044935400357239086
nairobi,xgboost,0.020765351386378098
nairobi,xgboost_full,0.13485609123991818
nairobi,xgboost_w24,0.0274871878012883
sao_paulo,gru,0.019709799029109413
sao_paulo,informer,0.021202423433309327
sao_paulo,khd_24,0.007212583467760658
sao_paulo,khd_full,0.006606215264724598
sao_paulo,khd_linear,0.008117062676400727
sao_paulo,lstm,0.018699273023870342
sao_paulo,patchtst,0.021842150277912305
sao_paulo,random_forest,0.092004283480218
sao_paulo,rdtools,0.009132369410433985
sao_paulo,tcn,0.017036994619436405
sao_paulo,tcn_full,0.07111096126681629
sao_paulo,xgboost,0.042252987783248375
sao_paulo,xgboost_full,0.16240768869476788
sao_paulo,xgboost_w24,0.04968797837496416
singapore,gru,0.00617287739599634
singapore,informer,0.01936980097685892
singapore,khd_24,0.022112739677290164
singapore,khd_full,0.006110328285252949
singapore,khd_linear,0.006139563397148167
singapore,lstm,0.011495700678238486
singapore,patchtst,0.010634685476410702
singapore,random_forest,0.047135032498940514
singapore,rdtools,0.008922962894378189
singapore,tcn,0.008360045072323186
singapore,tcn_full,0.010251111549014114
singapore,xgboost,0.0213264120009333
singapore,xgboost_full,0.09040890070396224
singapore,xgboost_w24,0.03217197434162116
sodankyla,gru,0.014778826861624827
sodankyla,informer,0.026854996388267164
sodankyla,khd_24,0.021823427451073626
sodankyla,khd_full,0.009472121408645973
sodankyla,khd_linear,0.00802928034820155
sodankyla,lstm,0.014189135304067957
sodankyla,patchtst,0.033169113024813075
sodankyla,random_forest,0.10286199527557105
sodankyla,rdtools,0.07701584064328645
sodankyla,tcn,0.030087991465000023
sodankyla,tcn_full,0.04302111944752046
sodankyla,xgboost,0.06249986184943764
sodankyla,xgboost_full,0.14981868330958903
sodankyla,xgboost_w24,0.07522076385598428
tokyo,gru,0.010183700473485125
tokyo,informer,0.01949792586962168
tokyo,khd_24,0.014423589717694016
tokyo,khd_full,0.006487271636044216
tokyo,khd_linear,0.009823179437390805
tokyo,lstm,0.0290918323111878
tokyo,patchtst,0.031197140795767908
tokyo,random_forest,0.044153346764014584
tokyo,rdtools,0.02764498062612619
tokyo,tcn,0.012844256536346799
tokyo,tcn_full,0.01601798685966639
tokyo,xgboost,0.013731315235530403
tokyo,xgboost_full,0.1068970145459638
tokyo,xgboost_w24,0.020299779829174146
ulaanbaatar,gru,0.008284551110300903
ulaanbaatar,informer,0.011561833685286224
ulaanbaatar,khd_24,0.017583967075548174
ulaanbaatar,khd_full,0.00832206101456491
ulaanbaatar,khd_linear,0.01158101277996755
ulaanbaatar,lstm,0.005321083938796295
ulaanbaatar,patchtst,0.015310930302214565
ulaanbaatar,random_forest,0.08174126327891863
ulaanbaatar,rdtools,0.017943547772393664
ulaanbaatar,tcn,0.00790903642706566
ulaanbaatar,tcn_full,0.011558042921767361
ulaanbaatar,xgboost,0.02837015298720955
ulaanbaatar,xgboost_full,0.11013203778256726
ulaanbaatar,xgboost_w24,0.0439016331155325
ushuaia,gru,0.011719741450018722
ushuaia,informer,0.011244569215491185
ushuaia,khd_24,0.016103734891423308
ushuaia,khd_full,0.00804226713368634
ushuaia,khd_linear,0.009684175031279921
ushuaia,lstm,0.014370234452331149
ushuaia,patchtst,0.023310882097340627
ushuaia,random_forest,0.03952226331577754
ushuaia,rdtools,0.03459276881729857
ushuaia,tcn,0.013117575966112549
ushuaia,tcn_full,0.024964832098477944
ushuaia,xgboost,0.03380083450598458
ushuaia,xgboost_full,0.11878846511198099
ushuaia,xgboost_w24,0.0408629524453269
utrecht,gru,0.009451265567969158
utrecht,informer,0.022925058365158384
utrecht,khd_24,0.015205775955385753
utrecht,khd_full,0.008085893945503742
utrecht,khd_linear,0.010563821569238616
utrecht,lstm,0.01655935471325636
utrecht,patchtst,0.01462530525605286
utrecht,random_forest,0.06103497635680274
utrecht,rdtools,0.09259414974923903
utrecht,tcn,0.01237070543794809
utrecht,tcn_full,0.03978358354489001
utrecht,xgboost,0.035165249956885414
utrecht,xgboost_full,0.1282109181199501
utrecht,xgboost_w24,0.043567989493370936
