site_id,climate,country,mode,rate,seed,method,plr,ci_low,ci_high,truth,error,covered
alice_springs,BWh,Australia,hetero,-1.0,0,rdtools,-0.9921780493480719,-1.0183682514726973,-0.965123177010524,-1.0050251256281406,0.012847076280068759,True
alice_springs,BWh,Australia,hetero,-1.0,0,khd_full,-1.0108079705945043,-1.0458425230676713,-0.9757734181213372,-1.0050251256281406,-0.0057828449663637205,True
alice_springs,BWh,Australia,hetero,-1.0,0,rdtools_block,-0.9921780493480719,-1.019377778073848,-0.9644665951975829,-1.0050251256281406,0.012847076280068759,True
golden,Dfb,United States,iid_0.5,-1.0,0,rdtools,-0.9985813865757514,-1.0158613004309425,-0.9870999031102556,-1.0050251256281406,0.0064437390523892635,True
golden,Dfb,United States,iid_0.5,-1.0,0,khd_full,-1.0030072500294658,-1.0162644752404628,-0.9897500248184687,-1.0050251256281406,0.0020178755986748342,True
golden,Dfb,United States,iid_0.5,-1.0,0,rdtools_block,-0.9985813865757514,-1.014820236314784,-0.9868864963137244,-1.0050251256281406,0.0064437390523892635,True
golden,Dfb,United States,iid_1,-1.0,0,rdtools,-1.0002677940599127,-1.0252693172079108,-0.979389097253236,-1.0050251256281406,0.004757331568227885,True
golden,Dfb,United States,iid_1,-1.0,0,khd_full,-1.0063478469238867,-1.0480936796942004,-0.9646020141535728,-1.0050251256281406,-0.0013227212957460655,True
golden,Dfb,United States,iid_1,-1.0,0,rdtools_block,-1.0002677940599127,-1.0285099244546791,-0.9769826812192406,-1.0050251256281406,0.004757331568227885,True
golden,Dfb,United States,iid_3,-1.0,0,rdtools,-1.0213508776069127,-1.103878271135772,-0.9445981051947605,-1.0050251256281406,-0.016325751978772063,True
golden,Dfb,United States,iid_3,-1.0,0,khd_full,-0.97830365193607,-1.0551794145834488,-0.9014278892886914,-1.0050251256281406,0.026721473692070563,True
golden,Dfb,United States,iid_3,-1.0,0,rdtools_block,-1.0213508776069127,-1.1120489819418489,-0.9438921165366376,-1.0050251256281406,-0.016325751978772063,True
golden,Dfb,United States,ar1_day,-1.0,0,rdtools,-1.165827827024487,-1.2433192465394647,-1.0931048824889378,-1.0050251256281406,-0.16080270139634645,False
golden,Dfb,United States,ar1_day,-1.0,0,khd_full,-1.0175266923419541,-1.1587153652757645,-0.8763380194081438,-1.0050251256281406,-0.012501566713813528,True
golden,Dfb,United States,ar1_day,-1.0,0,rdtools_block,-1.165827827024487,-1.440258386718554,-0.9022334099955838,-1.0050251256281406,-0.16080270139634645,True
golden,Dfb,United States,hetero,-1.0,0,rdtools,-1.0026392992877664,-1.0255045083595093,-0.9732095253127016,-1.0050251256281406,0.0023858263403742086,True
golden,Dfb,United States,hetero,-1.0,0,khd_full,-1.0032269080022516,-1.048820479458152,-0.9576333365463512,-1.0050251256281406,0.0017982176258890537,True
golden,Dfb,United States,hetero,-1.0,0,rdtools_block,-1.0026392992877664,-1.026677518007939,-0.9730730411795655,-1.0050251256281406,0.0023858263403742086,True
utrecht,Cfb,Netherlands,iid_0.5,-1.0,0,rdtools,-1.0110497114979593,-1.0251973574637507,-0.9979700027617722,-1.0050251256281406,-0.006024585869818688,True
utrecht,Cfb,Netherlands,iid_0.5,-1.0,0,khd_full,-1.0067042400405517,-1.0380207629790843,-0.975387717102019,-1.0050251256281406,-0.0016791144124110868,True
utrecht,Cfb,Netherlands,iid_0.5,-1.0,0,rdtools_block,-1.0110497114979593,-1.0277075625288568,-0.9958019743813804,-1.0050251256281406,-0.006024585869818688,True
utrecht,Cfb,Netherlands,iid_1,-1.0,0,rdtools,-0.9884742030584315,-1.0181736018251564,-0.9535378032730302,-1.0050251256281406,0.016550922569709137,True
utrecht,Cfb,Netherlands,iid_1,-1.0,0,khd_full,-0.9988235540257586,-1.0398216825768967,-0.9578254254746207,-1.0050251256281406,0.0062015716023819945,True
utrecht,Cfb,Netherlands,iid_1,-1.0,0,rdtools_block,-0.9884742030584315,-1.02021601807758,-0.9516507235707312,-1.0050251256281406,0.016550922569709137,True
utrecht,Cfb,Netherlands,iid_3,-1.0,0,rdtools,-1.003870728020173,-1.080936860267756,-0.9310899857540855,-1.0050251256281406,0.0011543976079675389,True
utrecht,Cfb,Netherlands,iid_3,-1.0,0,khd_full,-1.0067681070185508,-1.0951679027953802,-0.9183683112417215,-1.0050251256281406,-0.001742981390410181,True
utrecht,Cfb,Netherlands,iid_3,-1.0,0,rdtools_block,-1.003870728020173,-1.0804417111722084,-0.9311666745657976,-1.0050251256281406,0.0011543976079675389,True
utrecht,Cfb,Netherlands,ar1_day,-1.0,0,rdtools,-1.0038716201201336,-1.105260127591512,-0.9405097433326737,-1.0050251256281406,0.001153505508006969,True
utrecht,Cfb,Netherlands,ar1_day,-1.0,0,khd_full,-0.9952625095900027,-1.048448698099175,-0.9420763210808306,-1.0050251256281406,0.009762616038137883,True
utrecht,Cfb,Netherlands,ar1_day,-1.0,0,rdtools_block,-1.0038716201201336,-1.2205152049538426,-0.808343333197125,-1.0050251256281406,0.001153505508006969,True
utrecht,Cfb,Netherlands,hetero,-1.0,0,rdtools,-1.0280968651749989,-1.0639646854387963,-0.9857249996991557,-1.0050251256281406,-0.02307173954685826,True
utrecht,Cfb,Netherlands,hetero,-1.0,0,khd_full,-0.999281233349651,-1.0309400212149766,-0.9676224454843253,-1.0050251256281406,0.005743892278489593,True
utrecht,Cfb,Netherlands,hetero,-1.0,0,rdtools_block,-1.0280968651749989,-1.061780812379709,-0.9885497566430756,-1.0050251256281406,-0.02307173954685826,True
hong_kong,Cwa,China (Hong Kong),iid_0.5,-1.0,0,rdtools,-1.007118474526869,-1.0169681679218168,-0.9947519172759728,-1.0050251256281406,-0.0020933488987284754,True
hong_kong,Cwa,China (Hong Kong),iid_0.5,-1.0,0,khd_full,-1.0060027240726923,-1.022659384815871,-0.9893460633295138,-1.0050251256281406,-0.0009775984445516972,True
hong_kong,Cwa,China (Hong Kong),iid_0.5,-1.0,0,rdtools_block,-1.007118474526869,-1.0167782615362033,-0.9937196948459293,-1.0050251256281406,-0.0020933488987284754,True
hong_kong,Cwa,China (Hong Kong),iid_1,-1.0,0,rdtools,-1.0140713583428718,-1.0374807047781578,-0.9877383687778796,-1.0050251256281406,-0.00904623271473115,True
hong_kong,Cwa,China (Hong Kong),iid_1,-1.0,0,khd_full,-1.0032009586635628,-1.0357628757819597,-0.9706390415451661,-1.0050251256281406,0.001824166964577767,True
hong_kong,Cwa,China (Hong Kong),iid_1,-1.0,0,rdtools_block,-1.0140713583428718,-1.0355327688322429,-0.9898796618625697,-1.0050251256281406,-0.00904623271473115,True
hong_kong,Cwa,China (Hong Kong),iid_3,-1.0,0,rdtools,-1.007292116455373,-1.0888715145880856,-0.9116378445182323,-1.0050251256281406,-0.0022669908272323624,True
hong_kong,Cwa,China (Hong Kong),iid_3,-1.0,0,khd_full,-0.9997028034859263,-1.0849328880351468,-0.9144727189367059,-1.0050251256281406,0.005322322142214286,True
hong_kong,Cwa,China (Hong Kong),iid_3,-1.0,0,rdtools_block,-1.007292116455373,-1.086909608851827,-0.9251762877540981,-1.0050251256281406,-0.0022669908272323624,True
hong_kong,Cwa,China (Hong Kong),ar1_day,-1.0,0,rdtools,-0.8761741317302618,-0.9387387504662503,-0.8251366150095696,-1.0050251256281406,0.1288509938978788,False
hong_kong,Cwa,China (Hong Kong),ar1_day,-1.0,0,khd_full,-0.9470131502234221,-1.0800175359331208,-0.8140087645137236,-1.0050251256281406,0.058011975404718474,True
hong_kong,Cwa,China (Hong Kong),ar1_day,-1.0,0,rdtools_block,-0.8761741317302618,-1.0527784683548405,-0.68279567948898,-1.0050251256281406,0.1288509938978788,True
hong_kong,Cwa,China (Hong Kong),hetero,-1.0,0,rdtools,-1.0053214759993512,-1.0408161511696734,-0.9703228750708832,-1.0050251256281406,-0.00029635037121056307,True
hong_kong,Cwa,China (Hong Kong),hetero,-1.0,0,khd_full,-1.0112467390582895,-1.0486876449255698,-0.9738058331910094,-1.0050251256281406,-0.006221613430148931,True
hong_kong,Cwa,China (Hong Kong),hetero,-1.0,0,rdtools_block,-1.0053214759993512,-1.0415018546068189,-0.9687515950793775,-1.0050251256281406,-0.00029635037121056307,True
sodankyla,Dfc,Finland,iid_0.5,-1.0,0,rdtools,-0.9985644147984196,-1.0174648662830552,-0.9789384279365506,-1.0050251256281406,0.006460710829720995,True
sodankyla,Dfc,Finland,iid_0.5,-1.0,0,khd_full,-1.0101221640981322,-1.0392712594008664,-0.980973068795398,-1.0050251256281406,-0.005097038469991544,True
sodankyla,Dfc,Finland,iid_0.5,-1.0,0,rdtools_block,-0.9985644147984196,-1.0167445870803093,-0.9755688932873816,-1.0050251256281406,0.006460710829720995,True
sodankyla,Dfc,Finland,iid_1,-1.0,0,rdtools,-0.9975441013880815,-1.043093427532682,-0.9465817362394342,-1.0050251256281406,0.007481024240059142,True
sodankyla,Dfc,Finland,iid_1,-1.0,0,khd_full,-1.00903906473661,-1.0471108178637822,-0.9709673116094379,-1.0050251256281406,-0.0040139391084694775,True
sodankyla,Dfc,Finland,iid_1,-1.0,0,rdtools_block,-0.9975441013880815,-1.0486271100905054,-0.9377100833539598,-1.0050251256281406,0.007481024240059142,True
sodankyla,Dfc,Finland,iid_3,-1.0,0,rdtools,-1.0457396461048545,-1.1682093183608102,-0.9317598134461091,-1.0050251256281406,-0.04071452047671387,True
sodankyla,Dfc,Finland,iid_3,-1.0,0,khd_full,-0.9849416163751696,-1.070805414804887,-0.8990778179454523,-1.0050251256281406,0.020083509252970977,True
sodankyla,Dfc,Finland,iid_3,-1.0,0,rdtools_block,-1.0457396461048545,-1.1682093183608102,-0.9409844773638931,-1.0050251256281406,-0.04071452047671387,True
sodankyla,Dfc,Finland,ar1_day,-1.0,0,rdtools,-0.8741565797319778,-0.9756278689751272,-0.7785330148816982,-1.0050251256281406,0.1308685458961628,False
sodankyla,Dfc,Finland,ar1_day,-1.0,0,khd_full,-0.97802628837455,-1.1045035199836062,-0.8515490567654936,-1.0050251256281406,0.026998837253590646,True
sodankyla,Dfc,Finland,ar1_day,-1.0,0,rdtools_block,-0.8741565797319778,-1.134688015192079,-0.6452810859476799,-1.0050251256281406,0.1308685458961628,True
sodankyla,Dfc,Finland,hetero,-1.0,0,rdtools,-0.9934364344439395,-1.0359018067801373,-0.9371606952179756,-1.0050251256281406,0.011588691184201139,True
sodankyla,Dfc,Finland,hetero,-1.0,0,khd_full,-1.0126712999142442,-1.0536261543429413,-0.9717164454855473,-1.0050251256281406,-0.007646174286103591,True
sodankyla,Dfc,Finland,hetero,-1.0,0,rdtools_block,-0.9934364344439395,-1.0315183614194803,-0.9371606952179756,-1.0050251256281406,0.011588691184201139,True
singapore,Af,Singapore,iid_0.5,-1.0,0,rdtools,-1.002461232383754,-1.0138709243097417,-0.9877771593649665,-1.0050251256281406,0.0025638932443865503,True
singapore,Af,Singapore,iid_0.5,-1.0,0,khd_full,-1.011386656625637,-1.0369645511372878,-0.9858087621139863,-1.0050251256281406,-0.0063615309974964784,True
singapore,Af,Singapore,iid_0.5,-1.0,0,rdtools_block,-1.002461232383754,-1.013496757110898,-0.9876684401988843,-1.0050251256281406,0.0025638932443865503,True
singapore,Af,Singapore,iid_1,-1.0,0,rdtools,-1.001916465949071,-1.0275337672185025,-0.9846913804013746,-1.0050251256281406,0.003108659679069703,True
singapore,Af,Singapore,iid_1,-1.0,0,khd_full,-0.9968051121929462,-1.027704898686557,-0.9659053256993356,-1.0050251256281406,0.008220013435194407,True
singapore,Af,Singapore,iid_1,-1.0,0,rdtools_block,-1.001916465949071,-1.029217762940137,-0.9808817175052942,-1.0050251256281406,0.003108659679069703,True
singapore,Af,Singapore,iid_3,-1.0,0,rdtools,-1.0229896763312736,-1.0860190859236285,-0.9662573517447567,-1.0050251256281406,-0.017964550703132964,True
singapore,Af,Singapore,iid_3,-1.0,0,khd_full,-1.0121034945712666,-1.0786396152077098,-0.9455673739348234,-1.0050251256281406,-0.007078368943125968,True
singapore,Af,Singapore,iid_3,-1.0,0,rdtools_block,-1.0229896763312736,-1.076254745228078,-0.9692447120083487,-1.0050251256281406,-0.017964550703132964,True
singapore,Af,Singapore,ar1_day,-1.0,0,rdtools,-1.0613433277784603,-1.1528589815357981,-0.9914147131730278,-1.0050251256281406,-0.056318202150319685,True
singapore,Af,Singapore,ar1_day,-1.0,0,khd_full,-1.0004129073999235,-1.091200025700761,-0.909625789099086,-1.0050251256281406,0.004612218228217113,True
singapore,Af,Singapore,ar1_day,-1.0,0,rdtools_block,-1.0613433277784603,-1.292597818071019,-0.8067622747964951,-1.0050251256281406,-0.056318202150319685,True
singapore,Af,Singapore,hetero,-1.0,0,rdtools,-0.9964096603148898,-1.0272657678601305,-0.9639413799115704,-1.0050251256281406,0.008615465313250859,True
singapore,Af,Singapore,hetero,-1.0,0,khd_full,-0.9944348597114433,-1.0489116617431444,-0.9399580576797422,-1.0050251256281406,0.010590265916697317,True
singapore,Af,Singapore,hetero,-1.0,0,rdtools_block,-0.9964096603148898,-1.027356140545654,-0.957504651839438,-1.0050251256281406,0.008615465313250859,True
madrid,BSk,Spain,iid_0.5,-1.0,0,rdtools,-1.0043223186711026,-1.0163203838534824,-0.9943515246778362,-1.0050251256281406,0.0007028069570380602,True
madrid,BSk,Spain,iid_0.5,-1.0,0,khd_full,-1.0053697584896664,-1.039052198306488,-0.9716873186728446,-1.0050251256281406,-0.000344632861525751,True
madrid,BSk,Spain,iid_0.5,-1.0,0,rdtools_block,-1.0043223186711026,-1.0159190465041612,-0.9949691270794208,-1.0050251256281406,0.0007028069570380602,True
madrid,BSk,Spain,iid_1,-1.0,0,rdtools,-1.00937287892916,-1.0323290100728855,-0.985728526475127,-1.0050251256281406,-0.004347753301019441,True
madrid,BSk,Spain,iid_1,-1.0,0,khd_full,-1.0024671608485425,-1.0310829852154095,-0.9738513364816754,-1.0050251256281406,0.002557964779598132,True
madrid,BSk,Spain,iid_1,-1.0,0,rdtools_block,-1.00937287892916,-1.030790412630933,-0.985728526475127,-1.0050251256281406,-0.004347753301019441,True
madrid,BSk,Spain,iid_3,-1.0,0,rdtools,-0.9772630458534937,-1.0669307441878328,-0.9042042963365304,-1.0050251256281406,0.027762079774646953,True
madrid,BSk,Spain,iid_3,-1.0,0,khd_full,-0.9787981060838228,-1.0735826085671667,-0.8840136036004789,-1.0050251256281406,0.02622701954431783,True
madrid,BSk,Spain,iid_3,-1.0,0,rdtools_block,-0.9772630458534937,-1.0706422247443448,-0.9036925771308435,-1.0050251256281406,0.027762079774646953,True
madrid,BSk,Spain,ar1_day,-1.0,0,rdtools,-0.9412623930939668,-1.0164428339708875,-0.8779013830478632,-1.0050251256281406,0.06376273253417386,True
madrid,BSk,Spain,ar1_day,-1.0,0,khd_full,-0.9690633922277061,-1.0449631572487936,-0.8931636272066185,-1.0050251256281406,0.035961733400434515,True
madrid,BSk,Spain,ar1_day,-1.0,0,rdtools_block,-0.9412623930939668,-1.1959995871933748,-0.7254488647206431,-1.0050251256281406,0.06376273253417386,True
madrid,BSk,Spain,hetero,-1.0,0,rdtools,-0.9842612571348663,-1.0282649839365,-0.9588529070056806,-1.0050251256281406,0.020763868493274273,True
madrid,BSk,Spain,hetero,-1.0,0,khd_full,-0.9992314895160961,-1.0414674913527857,-0.9569954876794065,-1.0050251256281406,0.005793636112044531,True
madrid,BSk,Spain,hetero,-1.0,0,rdtools_block,-0.9842612571348663,-1.0282038172255703,-0.9598244023393709,-1.0050251256281406,0.020763868493274273,True
marrakech,BSh,Morocco,iid_0.5,-1.0,0,rdtools,-1.0032755310328545,-1.0147252223655534,-0.9905539796974621,-1.0050251256281406,0.0017495945952861192,True
marrakech,BSh,Morocco,iid_0.5,-1.0,0,khd_full,-1.0027840221426862,-1.0317671092123346,-0.9738009350730379,-1.0050251256281406,0.0022411034854543654,True
marrakech,BSh,Morocco,iid_0.5,-1.0,0,rdtools_block,-1.0032755310328545,-1.0126103655908756,-0.9909656466860595,-1.0050251256281406,0.0017495945952861192,True
marrakech,BSh,Morocco,iid_1,-1.0,0,rdtools,-0.9947479930022873,-1.019747867371501,-0.9746026348971593,-1.0050251256281406,0.01027713262585328,True
marrakech,BSh,Morocco,iid_1,-1.0,0,khd_full,-1.002965306130751,-1.0423297494076993,-0.9636008628538029,-1.0050251256281406,0.0020598194973895367,True
marrakech,BSh,Morocco,iid_1,-1.0,0,rdtools_block,-0.9947479930022873,-1.0204466838348303,-0.9735999027963937,-1.0050251256281406,0.01027713262585328,True
marrakech,BSh,Morocco,iid_3,-1.0,0,rdtools,-1.0199142192806487,-1.0883659303719484,-0.9456186534014255,-1.0050251256281406,-0.014889093652508123,True
marrakech,BSh,Morocco,iid_3,-1.0,0,khd_full,-0.9895941445203736,-1.0579971478238155,-0.9211911412169319,-1.0050251256281406,0.015430981107766972,True
marrakech,BSh,Morocco,iid_3,-1.0,0,rdtools_block,-1.0199142192806487,-1.0883659303719484,-0.9400844585706114,-1.0050251256281406,-0.014889093652508123,True
marrakech,BSh,Morocco,ar1_day,-1.0,0,rdtools,-1.1659926754693406,-1.2165683792858761,-1.1016686820468786,-1.0050251256281406,-0.16096754984119999,False
marrakech,BSh,Morocco,ar1_day,-1.0,0,khd_full,-1.0635116466379495,-1.188672674867781,-0.9383506184081181,-1.0050251256281406,-0.05848652100980889,True
marrakech,BSh,Morocco,ar1_day,-1.0,0,rdtools_block,-1.1659926754693406,-1.3563044008542247,-0.9238356158113604,-1.0050251256281406,-0.16096754984119999,True
marrakech,BSh,Morocco,hetero,-1.0,0,rdtools,-0.998985025316855,-1.0203471196338132,-0.9712449563848978,-1.0050251256281406,0.006040100311285657,True
marrakech,BSh,Morocco,hetero,-1.0,0,khd_full,-1.003852412346381,-1.065604237521287,-0.9421005871714748,-1.0050251256281406,0.0011727132817596075,True
marrakech,BSh,Morocco,hetero,-1.0,0,rdtools_block,-0.998985025316855,-1.0196949992449869,-0.9725889767204343,-1.0050251256281406,0.006040100311285657,True
nairobi,Aw,Kenya,iid_0.5,-1.0,0,rdtools,-1.0032832659205182,-1.0138732848840148,-0.9923366529245747,-1.0050251256281406,0.0017418597076224174,True
nairobi,Aw,Kenya,iid_0.5,-1.0,0,khd_full,-1.0031167649965564,-1.030908881889577,-0.9753246481035358,-1.0050251256281406,0.0019083606315841717,True
nairobi,Aw,Kenya,iid_0.5,-1.0,0,rdtools_block,-1.0032832659205182,-1.012902687049999,-0.9918643078956058,-1.0050251256281406,0.0017418597076224174,True
nairobi,Aw,Kenya,iid_1,-1.0,0,rdtools,-1.003912757110148,-1.0293800704248457,-0.9794007261039406,-1.0050251256281406,0.001112368517992568,True
nairobi,Aw,Kenya,iid_1,-1.0,0,khd_full,-1.0067569746109413,-1.0501262780439218,-0.9633876711779608,-1.0050251256281406,-0.0017318489828006545,True
nairobi,Aw,Kenya,iid_1,-1.0,0,rdtools_block,-1.003912757110148,-1.0288166289300673,-0.9776515513974848,-1.0050251256281406,0.001112368517992568,True
nairobi,Aw,Kenya,iid_3,-1.0,0,rdtools,-0.9964815123816417,-1.0507176262187445,-0.9143351067664618,-1.0050251256281406,0.008543613246498882,True
nairobi,Aw,Kenya,iid_3,-1.0,0,khd_full,-0.9877720441618282,-1.0902751568095512,-0.8852689315141051,-1.0050251256281406,0.017253081466312437,True
nairobi,Aw,Kenya,iid_3,-1.0,0,rdtools_block,-0.9964815123816417,-1.0507197402854738,-0.9128803701045074,-1.0050251256281406,0.008543613246498882,True
nairobi,Aw,Kenya,ar1_day,-1.0,0,rdtools,-1.0546930445889842,-1.1269773245229244,-0.9964663433262522,-1.0050251256281406,-0.04966791896084355,True
nairobi,Aw,Kenya,ar1_day,-1.0,0,khd_full,-1.0351697614931494,-1.080918955965771,-0.9894205670205278,-1.0050251256281406,-0.030144635865008818,True
nairobi,Aw,Kenya,ar1_day,-1.0,0,rdtools_block,-1.0546930445889842,-1.2671848868148095,-0.8647565060541105,-1.0050251256281406,-0.04966791896084355,True
nairobi,Aw,Kenya,hetero,-1.0,0,rdtools,-1.0218983380473223,-1.0474299574249502,-0.9904595660447102,-1.0050251256281406,-0.016873212419181716,True
nairobi,Aw,Kenya,hetero,-1.0,0,khd_full,-1.011647666835408,-1.0508655336204173,-0.9724298000503986,-1.0050251256281406,-0.006622541207267352,True
nairobi,Aw,Kenya,hetero,-1.0,0,rdtools_block,-1.0218983380473223,-1.053215733344667,-0.9884344545511157,-1.0050251256281406,-0.016873212419181716,True
lagos,Aw,Nigeria,iid_0.5,-1.0,0,rdtools,-1.0115435860413595,-1.0215824824309043,-0.9974563825771887,-1.0050251256281406,-0.006518460413218907,True
lagos,Aw,Nigeria,iid_0.5,-1.0,0,khd_full,-1.0073464599246873,-1.0319933091602873,-0.9826996106890873,-1.0050251256281406,-0.0023213342965466843,True
lagos,Aw,Nigeria,iid_0.5,-1.0,0,rdtools_block,-1.0115435860413595,-1.0212367112289455,-0.9985359252279169,-1.0050251256281406,-0.006518460413218907,True
lagos,Aw,Nigeria,iid_1,-1.0,0,rdtools,-1.0140426164011944,-1.0375465488763003,-0.9909184980240071,-1.0050251256281406,-0.009017490773053805,True
lagos,Aw,Nigeria,iid_1,-1.0,0,khd_full,-0.9999440532894308,-1.0328273930518124,-0.9670607135270494,-1.0050251256281406,0.005081072338709802,True
lagos,Aw,Nigeria,iid_1,-1.0,0,rdtools_block,-1.0140426164011944,-1.0356094601005994,-0.9911643205216425,-1.0050251256281406,-0.009017490773053805,True
lagos,Aw,Nigeria,iid_3,-1.0,0,rdtools,-0.9420347321874356,-1.011304685458514,-0.8684056480626978,-1.0050251256281406,0.062990393440705,True
lagos,Aw,Nigeria,iid_3,-1.0,0,khd_full,-0.975120932244267,-1.022355356569169,-0.927886507919365,-1.0050251256281406,0.029904193383873623,True
lagos,Aw,Nigeria,iid_3,-1.0,0,rdtools_block,-0.9420347321874356,-1.0019345951309722,-0.8769476395709019,-1.0050251256281406,0.062990393440705,False
lagos,Aw,Nigeria,ar1_day,-1.0,0,rdtools,-1.024751161736781,-1.0892869489033432,-0.9536738712215831,-1.0050251256281406,-0.019726036108640432,True
lagos,Aw,Nigeria,ar1_day,-1.0,0,khd_full,-1.0249009669006728,-1.1294106605855603,-0.9203912732157854,-1.0050251256281406,-0.01987584127253217,True
lagos,Aw,Nigeria,ar1_day,-1.0,0,rdtools_block,-1.024751161736781,-1.30879753422775,-0.7735525234895934,-1.0050251256281406,-0.019726036108640432,True
lagos,Aw,Nigeria,hetero,-1.0,0,rdtools,-1.0082110497982133,-1.046486107858624,-0.9709908817578161,-1.0050251256281406,-0.003185924170072685,True
lagos,Aw,Nigeria,hetero,-1.0,0,khd_full,-1.0065794776085473,-1.0385098521352494,-0.9746491030818452,-1.0050251256281406,-0.0015543519804066541,True
lagos,Aw,Nigeria,hetero,-1.0,0,rdtools_block,-1.0082110497982133,-1.0496134812792102,-0.9688959531279462,-1.0050251256281406,-0.003185924170072685,True
cape_town,Csb,South Africa,iid_0.5,-1.0,0,rdtools,-0.998590438919667,-1.0102427522869828,-0.9867375992094529,-1.0050251256281406,0.00643468670847358,True
cape_town,Csb,South Africa,iid_0.5,-1.0,0,khd_full,-1.0076240624145025,-1.02695661195589,-0.988291512873115,-1.0050251256281406,-0.002598936786361916,True
cape_town,Csb,South Africa,iid_0.5,-1.0,0,rdtools_block,-0.998590438919667,-1.009696050719222,-0.9869859585868462,-1.0050251256281406,0.00643468670847358,True
cape_town,Csb,South Africa,iid_1,-1.0,0,rdtools,-1.0045341752146553,-1.029184127637787,-0.9805213918001137,-1.0050251256281406,0.0004909504134853471,True
cape_town,Csb,South Africa,iid_1,-1.0,0,khd_full,-0.9976015390548969,-1.0312301493886744,-0.9639729287211193,-1.0050251256281406,0.007423586573243712,True
cape_town,Csb,South Africa,iid_1,-1.0,0,rdtools_block,-1.0045341752146553,-1.0282764621538987,-0.9814432098726344,-1.0050251256281406,0.0004909504134853471,True
cape_town,Csb,South Africa,iid_3,-1.0,0,rdtools,-1.0048577662856162,-1.0717368781502756,-0.9372002539543085,-1.0050251256281406,0.0001673593425244313,True
cape_town,Csb,South Africa,iid_3,-1.0,0,khd_full,-0.9537495122666637,-1.0548107267394953,-0.8526882977938323,-1.0050251256281406,0.0512756133614769,True
cape_town,Csb,South Africa,iid_3,-1.0,0,rdtools_block,-1.0048577662856162,-1.0676424893474912,-0.9383729999446778,-1.0050251256281406,0.0001673593425244313,True
cape_town,Csb,South Africa,ar1_day,-1.0,0,rdtools,-1.08181151865471,-1.1414847957782914,-1.0287690282617112,-1.0050251256281406,-0.07678639302656931,False
cape_town,Csb,South Africa,ar1_day,-1.0,0,khd_full,-1.0208354910757234,-1.1070077876492825,-0.9346631945021642,-1.0050251256281406,-0.01581036544758274,True
cape_town,Csb,South Africa,ar1_day,-1.0,0,rdtools_block,-1.08181151865471,-1.2304433489695121,-0.9380571364106305,-1.0050251256281406,-0.07678639302656931,True
cape_town,Csb,South Africa,hetero,-1.0,0,rdtools,-0.9882452123999411,-1.0144910240450857,-0.9656290619382406,-1.0050251256281406,0.016779913228199494,True
cape_town,Csb,South Africa,hetero,-1.0,0,khd_full,-1.0017827656135423,-1.0337893099822757,-0.9697762212448089,-1.0050251256281406,0.0032423600145983222,True
cape_town,Csb,South Africa,hetero,-1.0,0,rdtools_block,-0.9882452123999411,-1.014649926249711,-0.9636905857161704,-1.0050251256281406,0.016779913228199494,True
sao_paulo,Cfa,Brazil,iid_0.5,-1.0,0,rdtools,-1.0062618794000056,-1.0181779882029618,-0.9966492989669118,-1.0050251256281406,-0.0012367537718649402,True
sao_paulo,Cfa,Brazil,iid_0.5,-1.0,0,khd_full,-1.0102594398875568,-1.0301362038086308,-0.9903826759664829,-1.0050251256281406,-0.005234314259416228,True
sao_paulo,Cfa,Brazil,iid_0.5,-1.0,0,rdtools_block,-1.0062618794000056,-1.017393906312868,-0.9978990849702107,-1.0050251256281406,-0.0012367537718649402,True
sao_paulo,Cfa,Brazil,iid_1,-1.0,0,rdtools,-1.0176351858365185,-1.0396191808207056,-0.9914377911445449,-1.0050251256281406,-0.012610060208377849,True
sao_paulo,Cfa,Brazil,iid_1,-1.0,0,khd_full,-1.003897372444416,-1.0319266987520233,-0.9758680461368087,-1.0050251256281406,0.0011277531837246002,True
sao_paulo,Cfa,Brazil,iid_1,-1.0,0,rdtools_block,-1.0176351858365185,-1.0396191808207056,-0.989666629337481,-1.0050251256281406,-0.012610060208377849,True
sao_paulo,Cfa,Brazil,iid_3,-1.0,0,rdtools,-1.0268006055489831,-1.101428211117994,-0.9515533680245714,-1.0050251256281406,-0.0217754799208425,True
sao_paulo,Cfa,Brazil,iid_3,-1.0,0,khd_full,-0.9954075582537324,-1.0597874918529748,-0.93102762465449,-1.0050251256281406,0.00961756737440822,True
sao_paulo,Cfa,Brazil,iid_3,-1.0,0,rdtools_block,-1.0268006055489831,-1.0964732226185088,-0.9515533680245714,-1.0050251256281406,-0.0217754799208425,True
sao_paulo,Cfa,Brazil,ar1_day,-1.0,0,rdtools,-0.9433756776786817,-1.0184270108083722,-0.8828306416274967,-1.0050251256281406,0.061649447949458924,True
sao_paulo,Cfa,Brazil,ar1_day,-1.0,0,khd_full,-0.9963864023469314,-1.0548716309359378,-0.937901173757925,-1.0050251256281406,0.008638723281209182,True
sao_paulo,Cfa,Brazil,ar1_day,-1.0,0,rdtools_block,-0.9433756776786817,-1.1685551870014632,-0.7758680426183551,-1.0050251256281406,0.061649447949458924,True
sao_paulo,Cfa,Brazil,hetero,-1.0,0,rdtools,-0.9968328608626953,-1.0310114479699761,-0.9669964734073035,-1.0050251256281406,0.008192264765445323,True
sao_paulo,Cfa,Brazil,hetero,-1.0,0,khd_full,-0.9958908251970787,-1.0381988384998124,-0.953582811894345,-1.0050251256281406,0.009134300431061892,True
sao_paulo,Cfa,Brazil,hetero,-1.0,0,rdtools_block,-0.9968328608626953,-1.030686532439562,-0.9669964734073035,-1.0050251256281406,0.008192264765445323,True
calama,BWk,Chile,iid_0.5,-1.0,0,rdtools,-1.009512486235542,-1.018700029870021,-0.9958118179799595,-1.0050251256281406,-0.004487360607401403,True
calama,BWk,Chile,iid_0.5,-1.0,0,khd_full,-1.0074224534224683,-1.02995877840225,-0.9848861284426866,-1.0050251256281406,-0.002397327794327664,True
calama,BWk,Chile,iid_0.5,-1.0,0,rdtools_block,-1.009512486235542,-1.0184972874167086,-0.9957843589083211,-1.0050251256281406,-0.004487360607401403,True
calama,BWk,Chile,iid_1,-1.0,0,rdtools,-0.9983255309669218,-1.0215817139236916,-0.9789151046878497,-1.0050251256281406,0.006699594661218833,True
calama,BWk,Chile,iid_1,-1.0,0,khd_full,-1.0082120908999026,-1.0387259500866606,-0.9776982317131446,-1.0050251256281406,-0.003186965271761988,True
calama,BWk,Chile,iid_1,-1.0,0,rdtools_block,-0.9983255309669218,-1.0221063813936504,-0.9789151046878497,-1.0050251256281406,0.006699594661218833,True
calama,BWk,Chile,iid_3,-1.0,0,rdtools,-1.0155191388094065,-1.0737960219805331,-0.9540460259994374,-1.0050251256281406,-0.01049401318126586,True
calama,BWk,Chile,iid_3,-1.0,0,khd_full,-0.9618299263617773,-1.052355335822308,-0.8713045169012467,-1.0050251256281406,0.04319519926636328,True
calama,BWk,Chile,iid_3,-1.0,0,rdtools_block,-1.0155191388094065,-1.0737960219805331,-0.9540460259994374,-1.0050251256281406,-0.01049401318126586,True
calama,BWk,Chile,ar1_day,-1.0,0,rdtools,-1.063862982353725,-1.1589824811619853,-1.003853167613289,-1.0050251256281406,-0.05883785672558428,True
calama,BWk,Chile,ar1_day,-1.0,0,khd_full,-1.05988724568235,-1.1108029275672797,-1.0089715637974204,-1.0050251256281406,-0.05486212005420943,False
calama,BWk,Chile,ar1_day,-1.0,0,rdtools_block,-1.063862982353725,-1.3203659239734211,-0.838937953524721,-1.0050251256281406,-0.05883785672558428,True
calama,BWk,Chile,hetero,-1.0,0,rdtools,-0.9993591828964865,-1.025208800722054,-0.9730507173924874,-1.0050251256281406,0.0056659427316541056,True
calama,BWk,Chile,hetero,-1.0,0,khd_full,-0.9972236439241441,-1.051177495752803,-0.9432697920954851,-1.0050251256281406,0.007801481703996527,True
calama,BWk,Chile,hetero,-1.0,0,rdtools_block,-0.9993591828964865,-1.0278591067423053,-0.9734734814583739,-1.0050251256281406,0.0056659427316541056,True
ushuaia,Dfc,Argentina,iid_0.5,-1.0,0,rdtools,-1.0035424069925998,-1.0187505420772291,-0.990246032507669,-1.0050251256281406,0.0014827186355408362,True
ushuaia,Dfc,Argentina,iid_0.5,-1.0,0,khd_full,-1.0015564963116623,-1.036168818897948,-0.9669441737253767,-1.0050251256281406,0.003468629316478289,True
ushuaia,Dfc,Argentina,iid_0.5,-1.0,0,rdtools_block,-1.0035424069925998,-1.0181634525256078,-0.9914094975752907,-1.0050251256281406,0.0014827186355408362,True
ushuaia,Dfc,Argentina,iid_1,-1.0,0,rdtools,-0.999583427419104,-1.0284729159689587,-0.9736702227492455,-1.0050251256281406,0.005441698209036616,True
ushuaia,Dfc,Argentina,iid_1,-1.0,0,khd_full,-1.0055673676173085,-1.0627198358361314,-0.9484148993984856,-1.0050251256281406,-0.0005422419891678576,True
ushuaia,Dfc,Argentina,iid_1,-1.0,0,rdtools_block,-0.999583427419104,-1.035141414494601,-0.970827470792357,-1.0050251256281406,0.005441698209036616,True
