mask,injection,hours,plr_typical,t_c_typical,plr_fitted,t_c_fitted
clip on,0.0,19053,0.8990215967644322,3.2659137577002055,0.9834612392434028,3.2659137577002055
clip off,0.0,19781,0.9562609244868758,3.2659137577002055,1.1345295958026846,3.2659137577002055
clip on,-0.25,19053,0.6450999844814453,3.2659137577002055,0.6892202369182174,3.2659137577002055
clip off,-0.25,19781,0.6788255779281912,3.2659137577002055,0.8529652635695133,3.2659137577002055
clip on,-0.5,19053,0.3809746583128937,3.2659137577002055,0.39362625252718275,3.2659137577002055
clip off,-0.5,19781,0.40505289597209637,3.2659137577002055,0.5653402863563368,3.2659137577002055
clip on,-1.0,19053,-0.1883379810455459,3.2659137577002055,-0.16109531367473134,3.2659137577002055
clip off,-1.0,19781,-0.15144433299261287,3.2659137577002055,0.012757812070740619,3.2659137577002055
clip on,-2.0,19053,-1.3492541054986318,3.2659137577002055,-1.2961346863204393,3.2659137577002055
clip off,-2.0,19781,-1.3294569010986912,3.2659137577002055,-1.1791651520548359,3.2659137577002055
