system_id,model,seed,injection,regime,n_train,val_rmse,val_mae,val_r2,val_nrmse_mean,plr,ci_low,ci_high,days,span_years,t_center_years,points_kept_fraction
dkasc_8,xgboost_w24,0,0.0,24 months,6884,0.017513416707515717,0.01129839289933443,0.9956427216529846,0.04286461264693087,-0.7610837964947825,-1.0105302652500314,-0.5897776473017395,3380,12.238193018480493,5.268651608487337,0.3004158636778578
dkasc_8,xgboost_w24,1,0.0,24 months,6884,0.017476018518209457,0.011284160427749157,0.9956613183021545,0.042773079456972486,-0.7526192497104567,-0.989617263969042,-0.5422984716646817,3380,12.238193018480493,5.268651608487337,0.3004158636778578
dkasc_8,xgboost_w24,2,0.0,24 months,6884,0.017469296231865883,0.011338790878653526,0.995664656162262,0.04275662645953451,-0.8189914890488093,-0.9957419507231058,-0.5269014645863601,3380,12.238193018480493,5.268651608487337,0.3004158636778578
dkasc_8,xgboost_w24,3,0.0,24 months,6884,0.01749281957745552,0.011293136514723301,0.995652973651886,0.04281420055336778,-0.7393937681058171,-1.0175757114283068,-0.5140805475013199,3380,12.238193018480493,5.268651608487337,0.3004158636778578
dkasc_8,xgboost_w24,4,0.0,24 months,6884,0.017419951036572456,0.011267482303082943,0.9956890940666199,0.042635852614112776,-0.7562829875989965,-0.9894943194046157,-0.554179711538888,3380,12.238193018480493,5.268651608487337,0.3004158636778578
dkasc_8,xgboost_w24,0,-0.25,24 months,6884,0.017548978328704834,0.011419225484132767,0.9955929517745972,0.04311227571543728,-0.9428050857696364,-1.181073718966541,-0.708510919008859,3380,12.238193018480493,5.268651608487337,0.3004158636778578
dkasc_8,xgboost_w24,1,-0.25,24 months,6884,0.017533903941512108,0.011387772858142853,0.9956005215644836,0.04307524272555484,-0.9409855904391862,-1.181003645067966,-0.7508036475085331,3380,12.238193018480493,5.268651608487337,0.3004158636778578
dkasc_8,xgboost_w24,2,-0.25,24 months,6884,0.01757466420531273,0.011459589004516602,0.9955800771713257,0.043175377770358674,-0.9846339101724634,-1.2660404592114016,-0.7380273196676446,3380,12.238193018480493,5.268651608487337,0.3004158636778578
dkasc_8,xgboost_w24,3,-0.25,24 months,6884,0.01759183593094349,0.011398768052458763,0.9955714344978333,0.04321756325580612,-0.977867584133979,-1.2219975560985394,-0.7188620706619298,3380,12.238193018480493,5.268651608487337,0.3004158636778578
dkasc_8,xgboost_w24,4,-0.25,24 months,6884,0.017561960965394974,0.011424313299357891,0.9955864548683167,0.0431441699375404,-0.9994591578900244,-1.2545401851035753,-0.772908476993019,3380,12.238193018480493,5.268651608487337,0.3004158636778578
dkasc_8,xgboost_w24,0,-0.5,24 months,6884,0.01764216274023056,0.011493162252008915,0.995513379573822,0.04350389679107247,-1.2110186178893867,-1.477075685647078,-0.9428810017073188,3380,12.238193018480493,5.268651608487337,0.3004158636778578
dkasc_8,xgboost_w24,1,-0.5,24 months,6884,0.017697781324386597,0.011522669345140457,0.9954850673675537,0.043641046934193656,-1.1751335565917698,-1.4557566556620216,-0.9536399015381725,3380,12.238193018480493,5.268651608487337,0.3004158636778578
dkasc_8,xgboost_w24,2,-0.5,24 months,6884,0.01764434017241001,0.011547477915883064,0.9955123066902161,0.04350926613190665,-1.1639103548449587,-1.4022897395428875,-0.9264505967928272,3380,12.238193018480493,5.268651608487337,0.3004158636778578
dkasc_8,xgboost_w24,3,-0.5,24 months,6884,0.017751434817910194,0.011523809283971786,0.995457649230957,0.04377335135055687,-1.1859546210126735,-1.4533260676165431,-0.9456495224786305,3380,12.238193018480493,5.268651608487337,0.3004158636778578
dkasc_8,xgboost_w24,4,-0.5,24 months,6884,0.017719702795147896,0.01154369581490755,0.9954738616943359,0.043695103197904074,-1.212287755447733,-1.4416901805549327,-0.940707831402641,3380,12.238193018480493,5.268651608487337,0.3004158636778578
dkasc_8,xgboost_w24,0,-1.0,24 months,6884,0.01806499995291233,0.011855888180434704,0.9952265620231628,0.044883545696136076,-1.6864160109563735,-1.8925387116982995,-1.398141630887401,3380,12.238193018480493,5.268651608487337,0.3004158636778578
dkasc_8,xgboost_w24,1,-1.0,24 months,6884,0.018061209470033646,0.011872018687427044,0.9952285289764404,0.04487412802041289,-1.5883542015185466,-1.8628735252043132,-1.391045101801841,3380,12.238193018480493,5.268651608487337,0.3004158636778578
dkasc_8,xgboost_w24,2,-1.0,24 months,6884,0.018087895587086678,0.011879547499120235,0.9952144622802734,0.0449404312342144,-1.5949109934247252,-1.859566368244392,-1.405699094185207,3380,12.238193018480493,5.268651608487337,0.3004158636778578
dkasc_8,xgboost_w24,3,-1.0,24 months,6884,0.018071433529257774,0.01182658039033413,0.9952231645584106,0.04489953029168786,-1.5964330228471713,-1.8846693222373645,-1.369142001763047,3380,12.238193018480493,5.268651608487337,0.3004158636778578
dkasc_8,xgboost_w24,4,-1.0,24 months,6884,0.01801666058599949,0.011828241869807243,0.9952520728111267,0.04476344372052522,-1.594836449020226,-1.864678249409879,-1.3687462461974516,3380,12.238193018480493,5.268651608487337,0.3004158636778578
dkasc_8,xgboost_w24,0,-2.0,24 months,6884,0.01905607245862484,0.012683190405368805,0.994530975818634,0.048073215613231975,-2.56024498175233,-2.8426528366641612,-2.264572706929551,3380,12.238193018480493,5.268651608487337,0.3004158636778578
dkasc_8,xgboost_w24,1,-2.0,24 months,6884,0.019039327278733253,0.01264728419482708,0.9945405721664429,0.04803097214227759,-2.5514571060199662,-2.867795978392555,-2.2988465888070686,3380,12.238193018480493,5.268651608487337,0.3004158636778578
dkasc_8,xgboost_w24,2,-2.0,24 months,6884,0.019075753167271614,0.012666618451476097,0.9945197105407715,0.04812286461368848,-2.5923961032417027,-2.8640433244128376,-2.2944358001628804,3380,12.238193018480493,5.268651608487337,0.3004158636778578
dkasc_8,xgboost_w24,3,-2.0,24 months,6884,0.019174382090568542,0.012727180495858192,0.9944628477096558,0.04837167818771581,-2.6152074926547195,-2.880354412925514,-2.37226204480685,3380,12.238193018480493,5.268651608487337,0.3004158636778578
dkasc_8,xgboost_w24,4,-2.0,24 months,6884,0.019018566235899925,0.012608330696821213,0.994552493095398,0.04797859775659821,-2.5854320680837795,-2.840223294826436,-2.2945775941780564,3380,12.238193018480493,5.268651608487337,0.3004158636778578
dkasc_11,xgboost_w24,0,0.0,24 months,6845,0.01637272723019123,0.010381116531789303,0.9964198470115662,0.03915849019821677,-1.0814893875841225,-1.213168358124006,-0.9512328035131135,3385,12.216290212183436,5.275496235455167,0.30208492322720476
dkasc_11,xgboost_w24,1,0.0,24 months,6845,0.01636827178299427,0.010408211499452591,0.996421754360199,0.039147834149109134,-1.0811898727817737,-1.209380552877859,-0.9446428038765387,3385,12.216290212183436,5.275496235455167,0.30208492322720476
dkasc_11,xgboost_w24,2,0.0,24 months,6845,0.01639878936111927,0.010419000871479511,0.9964084029197693,0.039220822739652404,-1.0642227063440535,-1.1936720928715783,-0.9533632119557288,3385,12.216290212183436,5.275496235455167,0.30207474790642774
dkasc_11,xgboost_w24,3,0.0,24 months,6845,0.01636369340121746,0.010395586490631104,0.9964237809181213,0.03913688407857963,-1.0765905502513218,-1.2099046257077584,-0.9616463187349725,3385,12.216290212183436,5.275496235455167,0.3020645725856508
dkasc_11,xgboost_w24,4,0.0,24 months,6845,0.01636682264506817,0.010416987352073193,0.9964224100112915,0.03914436826022714,-1.09948479984495,-1.2220686819645517,-0.9739880188933903,3385,12.216290212183436,5.275496235455167,0.3020645725856508
dkasc_11,xgboost_w24,0,-0.25,24 months,6845,0.016433218494057655,0.010446600615978241,0.9963664412498474,0.0394505663914393,-1.3162983435334785,-1.4438191661347965,-1.1916935621417286,3385,12.216290212183436,5.275496235455167,0.3020645725856508
dkasc_11,xgboost_w24,1,-0.25,24 months,6845,0.016502127051353455,0.010471786372363567,0.9963358640670776,0.03961599239216577,-1.3129771775311938,-1.461309335438643,-1.1879816057846937,3385,12.216290212183436,5.275496235455167,0.3020340466233198
dkasc_11,xgboost_w24,2,-0.25,24 months,6845,0.01656908541917801,0.010553390718996525,0.9963061213493347,0.03977673665150122,-1.3274058097710761,-1.441082017858029,-1.2016094555908476,3385,12.216290212183436,5.275496235455167,0.3019933453402118
dkasc_11,xgboost_w24,3,-0.25,24 months,6845,0.016450457274913788,0.010492288507521152,0.9963588118553162,0.03949195083897879,-1.328231086069251,-1.4434348871282587,-1.189552955169515,3385,12.216290212183436,5.275496235455167,0.3020950985479817
dkasc_11,xgboost_w24,4,-0.25,24 months,6845,0.016550906002521515,0.010531807318329811,0.9963142275810242,0.03973309405744553,-1.3624125514657193,-1.4792508736878207,-1.2488783421869643,3385,12.216290212183436,5.275496235455167,0.30210527386875874
dkasc_11,xgboost_w24,0,-0.5,24 months,6845,0.016568688675761223,0.010596076026558876,0.996278703212738,0.03992551806308651,-1.5779142273298463,-1.7040686580915176,-1.4325473019356827,3385,12.216290212183436,5.275496235455167,0.3020238713025428
dkasc_11,xgboost_w24,1,-0.5,24 months,6845,0.016605284065008163,0.010592604987323284,0.99626225233078,0.04001370185982486,-1.5949580314681178,-1.7306953550287774,-1.428793133496864,3385,12.216290212183436,5.275496235455167,0.3020340466233198
dkasc_11,xgboost_w24,2,-0.5,24 months,6845,0.016636578366160393,0.01062919944524765,0.996248185634613,0.04008911164091109,-1.5913747815938462,-1.71139605045081,-1.4438639693499598,3385,12.216290212183436,5.275496235455167,0.3020238713025428
dkasc_11,xgboost_w24,3,-0.5,24 months,6845,0.016582325100898743,0.010599841363728046,0.996272623538971,0.039958377714734164,-1.5664221400915168,-1.6860758610448223,-1.3909022200126575,3385,12.216290212183436,5.275496235455167,0.30208492322720476
dkasc_11,xgboost_w24,4,-0.5,24 months,6845,0.016693197190761566,0.010659786872565746,0.9962226152420044,0.040225545848141496,-1.6148144135730957,-1.7408938862116585,-1.4678524417641392,3385,12.216290212183436,5.275496235455167,0.30207474790642774
dkasc_11,xgboost_w24,0,-1.0,24 months,6845,0.016906093806028366,0.010907814837992191,0.9960675835609436,0.04104760528900542,-2.0407464506875583,-2.2045218149573222,-1.9116118299777218,3385,12.216290212183436,5.275496235455167,0.3020645725856508
dkasc_11,xgboost_w24,1,-1.0,24 months,6845,0.01697070151567459,0.010968471877276897,0.996037483215332,0.04120447131581282,-2.0521656606103758,-2.237634305170981,-1.9259478425926901,3385,12.216290212183436,5.275496235455167,0.3020442219440968
dkasc_11,xgboost_w24,2,-1.0,24 months,6845,0.01692698895931244,0.010920035652816296,0.9960578680038452,0.0410983382385737,-2.1015772261871497,-2.210594088679679,-1.9695373186046305,3385,12.216290212183436,5.275496235455167,0.3019933453402118
dkasc_11,xgboost_w24,3,-1.0,24 months,6845,0.016954675316810608,0.010954617522656918,0.9960449934005737,0.04116556007512058,-2.0692692591220307,-2.2124695503144753,-1.9055562379708957,3385,12.216290212183436,5.275496235455167,0.30205439726487376
dkasc_11,xgboost_w24,4,-1.0,24 months,6845,0.016938332468271255,0.010925660841166973,0.9960525631904602,0.04112588001633006,-2.0643947454996536,-2.2072550390079715,-1.9225392813922881,3385,12.216290212183436,5.275496235455167,0.30207474790642774
dkasc_11,xgboost_w24,0,-2.0,24 months,6845,0.017806267365813255,0.011766628362238407,0.9955059289932251,0.04389924287883556,-3.0702058527268927,-3.2077093877074243,-2.931409856213551,3385,12.216290212183436,5.275496235455167,0.30198317001943487
dkasc_11,xgboost_w24,1,-2.0,24 months,6845,0.017828676849603653,0.011814151890575886,0.9954946637153625,0.04395449080651707,-3.0968476683828405,-3.2466238624898547,-2.9621545443771935,3385,12.216290212183436,5.275496235455167,0.3019526440571039
dkasc_11,xgboost_w24,2,-2.0,24 months,6845,0.017916958779096603,0.011919068172574043,0.9954499006271362,0.04417213944589805,-3.0741688930397526,-3.219002625115852,-2.929755914517085,3385,12.216290212183436,5.275496235455167,0.3019933453402118
dkasc_11,xgboost_w24,3,-2.0,24 months,6845,0.017847159877419472,0.011826502159237862,0.9954853057861328,0.04400005852211706,-3.0851641978912103,-3.20108882270334,-2.962838331414875,3385,12.216290212183436,5.275496235455167,0.3019628193778809
dkasc_11,xgboost_w24,4,-2.0,24 months,6845,0.017860880121588707,0.011791014112532139,0.9954783320426941,0.044033884158830715,-3.0969644585517098,-3.2115412262523364,-2.9369783902021607,3385,12.216290212183436,5.275496235455167,0.3019933453402118
dkasc_17,xgboost_w24,0,0.0,24 months,6841,0.01705762930214405,0.010431142523884773,0.9964778423309326,0.036973046342801213,-0.46308863282175095,-0.5736892972239704,-0.34361424986957445,3365,12.216290212183436,5.248117727583846,0.3011837942647209
dkasc_17,xgboost_w24,1,0.0,24 months,6841,0.017033880576491356,0.010405807755887508,0.9964876174926758,0.036921570096097395,-0.3957848338042469,-0.5158027734338821,-0.2857052207691835,3365,12.216290212183436,5.248117727583846,0.3011837942647209
dkasc_17,xgboost_w24,2,0.0,24 months,6841,0.017014406621456146,0.010378029197454453,0.9964956641197205,0.03687935957380026,-0.4075388903803878,-0.528023423676217,-0.3138712555093792,3365,12.216290212183436,5.248117727583846,0.3011837942647209
dkasc_17,xgboost_w24,3,0.0,24 months,6841,0.017025986686348915,0.010414008051156998,0.9964908957481384,0.03690445979542831,-0.43031342295046604,-0.5287137272586451,-0.3265923950652949,3365,12.216290212183436,5.248117727583846,0.3011837942647209
dkasc_17,xgboost_w24,4,0.0,24 months,6841,0.01698276773095131,0.0103783393278718,0.9965086579322815,0.036810781101132714,-0.4278491259034567,-0.5392568762388361,-0.3355628256440868,3365,12.216290212183436,5.248117727583846,0.3011837942647209
dkasc_17,xgboost_w24,0,-0.25,24 months,6841,0.01708480902016163,0.01042011845856905,0.9964402318000793,0.03717123710733913,-0.6459960756242282,-0.7574238769357589,-0.5420447055409672,3365,12.216290212183436,5.248117727583846,0.3011837942647209
dkasc_17,xgboost_w24,1,-0.25,24 months,6841,0.01709553599357605,0.010456236079335213,0.9964357614517212,0.03719457566920196,-0.6299435207226645,-0.7327573471524906,-0.5301110351576868,3365,12.216290212183436,5.248117727583846,0.3011837942647209
dkasc_17,xgboost_w24,2,-0.25,24 months,6841,0.01711033284664154,0.010424142703413963,0.9964296221733093,0.03722676902489535,-0.6756652304866217,-0.770779817087186,-0.5368989537736346,3365,12.216290212183436,5.248117727583846,0.3011837942647209
dkasc_17,xgboost_w24,3,-0.25,24 months,6841,0.017109323292970657,0.010462136007845402,0.9964300394058228,0.037224572549720905,-0.6610534131626933,-0.7692279701335902,-0.5370817518489113,3365,12.216290212183436,5.248117727583846,0.3011837942647209
dkasc_17,xgboost_w24,4,-0.25,24 months,6841,0.017058784142136574,0.010371271520853043,0.9964510798454285,0.03711461505727013,-0.6571974447045381,-0.7661687192733635,-0.5585002862162239,3365,12.216290212183436,5.248117727583846,0.3011837942647209
dkasc_17,xgboost_w24,0,-0.5,24 months,6841,0.017223691567778587,0.01049409992992878,0.9963551163673401,0.03761487489417116,-0.913787106657471,-1.0276285610384739,-0.7891152407880114,3365,12.216290212183436,5.248117727583846,0.3011837942647209
dkasc_17,xgboost_w24,1,-0.5,24 months,6841,0.017125410959124565,0.010492531582713127,0.9963966012001038,0.03740023955978327,-0.843711456807883,-0.9741009681571433,-0.7177343299034078,3365,12.216290212183436,5.248117727583846,0.3011837942647209
dkasc_17,xgboost_w24,2,-0.5,24 months,6841,0.017180627211928368,0.010452331975102425,0.9963733553886414,0.03752082651021528,-0.8697920358995526,-0.993926145334808,-0.7411549689772867,3365,12.216290212183436,5.248117727583846,0.3011837942647209
dkasc_17,xgboost_w24,3,-0.5,24 months,6841,0.01718980446457863,0.010536080226302147,0.996369481086731,0.03754086874151937,-0.8581507114735931,-1.0186181335989142,-0.7502076923420328,3365,12.216290212183436,5.248117727583846,0.3011837942647209
dkasc_17,xgboost_w24,4,-0.5,24 months,6841,0.01715761423110962,0.01047313492745161,0.9963830709457397,0.03747056838807969,-0.8640654709132859,-0.9944850651632531,-0.7937258287535998,3365,12.216290212183436,5.248117727583846,0.3011837942647209
dkasc_17,xgboost_w24,0,-1.0,24 months,6841,0.017493240535259247,0.010725097730755806,0.9961838722229004,0.03849419379302371,-1.398890818094578,-1.524834769865091,-1.2868507511995086,3365,12.216290212183436,5.248117727583846,0.3011837942647209
dkasc_17,xgboost_w24,1,-1.0,24 months,6841,0.0174440685659647,0.010698088444769382,0.9962052702903748,0.0383859899807344,-1.3440716842806524,-1.4908794892919963,-1.221959056403642,3365,12.216290212183436,5.248117727583846,0.3011837942647209
dkasc_17,xgboost_w24,2,-1.0,24 months,6841,0.017437025904655457,0.01067877933382988,0.9962083697319031,0.038370492476500685,-1.3563106086011079,-1.455670113866472,-1.239582287094687,3365,12.216290212183436,5.248117727583846,0.3011837942647209
dkasc_17,xgboost_w24,3,-1.0,24 months,6841,0.017465392127633095,0.010723043233156204,0.9961960315704346,0.03843291286580914,-1.3861272337469366,-1.509927989010451,-1.2661824432844027,3365,12.216290212183436,5.248117727583846,0.3011837942647209
dkasc_17,xgboost_w24,4,-1.0,24 months,6841,0.017439741641283035,0.010761610232293606,0.9962071776390076,0.03837646850431681,-1.3655059144069392,-1.4918856718556972,-1.2557426352520884,3365,12.216290212183436,5.248117727583846,0.3011837942647209
dkasc_17,xgboost_w24,0,-2.0,24 months,6841,0.018196718767285347,0.011508370749652386,0.9957461953163147,0.040660898653113134,-2.439879768696296,-2.5781022676058307,-2.277482768640382,3365,12.216290212183436,5.248117727583846,0.3011837942647209
dkasc_17,xgboost_w24,1,-2.0,24 months,6841,0.018291709944605827,0.011505957692861557,0.9957016706466675,0.040873158164476904,-2.4376179368321593,-2.5817799138511344,-2.298262402543161,3365,12.216290212183436,5.248117727583846,0.3011837942647209
dkasc_17,xgboost_w24,2,-2.0,24 months,6841,0.018320634961128235,0.011565838009119034,0.9956880807876587,0.040937791639357644,-2.4117834995557086,-2.550452390892665,-2.2358211209614898,3365,12.216290212183436,5.248117727583846,0.3011837942647209
dkasc_17,xgboost_w24,3,-2.0,24 months,6841,0.0183273795992136,0.011574606411159039,0.9956848621368408,0.04095286265568472,-2.404015448865904,-2.5441494030256995,-2.271122749938184,3365,12.216290212183436,5.248117727583846,0.3011837942647209
dkasc_17,xgboost_w24,4,-2.0,24 months,6841,0.01826317049562931,0.011551800183951855,0.9957150816917419,0.04080938624728181,-2.402564672225649,-2.5192302467385574,-2.253994713350018,3365,12.216290212183436,5.248117727583846,0.3011837942647209
dkasc_14,xgboost_w24,0,0.0,24 months,6832,0.019169818609952927,0.01257358305156231,0.9955294728279114,0.0428257938784834,-1.1282261304717267,-1.304501832573529,-0.9715112059483242,3377,12.238193018480493,5.264544832306639,0.3008720340701683
dkasc_14,xgboost_w24,1,0.0,24 months,6832,0.019233429804444313,0.012569926679134369,0.9954997301101685,0.042967902677689136,-1.210063712726425,-1.3788752218053535,-1.040010845656109,3377,12.238193018480493,5.264544832306639,0.3008720340701683
dkasc_14,xgboost_w24,2,0.0,24 months,6832,0.01935534179210663,0.012662245891988277,0.9954425096511841,0.04324025672345104,-1.2447970772024122,-1.3932392294085132,-1.057994981251792,3377,12.238193018480493,5.264544832306639,0.3008720340701683
dkasc_14,xgboost_w24,3,0.0,24 months,6832,0.019229216501116753,0.012535670772194862,0.995501697063446,0.04295849006594121,-1.1651441834975382,-1.3255813557316505,-1.0006384507478991,3377,12.238193018480493,5.264544832306639,0.3008720340701683
dkasc_14,xgboost_w24,4,0.0,24 months,6832,0.019113628193736076,0.012519797310233116,0.9955556392669678,0.042700263260181164,-1.1493779498884575,-1.3138874870869233,-0.9733960572565259,3377,12.238193018480493,5.264544832306639,0.3008720340701683
dkasc_14,xgboost_w24,0,-0.25,24 months,6832,0.01931086741387844,0.012749334797263145,0.9954291582107544,0.04330585140937376,-1.3670711119908696,-1.5757532835898425,-1.2111265704109138,3377,12.238193018480493,5.264544832306639,0.3008720340701683
dkasc_14,xgboost_w24,1,-0.25,24 months,6832,0.019339747726917267,0.012699485756456852,0.9954155087471008,0.043370617352731476,-1.4232529941016145,-1.6101313013219432,-1.26379219114785,3377,12.238193018480493,5.264544832306639,0.3008720340701683
dkasc_14,xgboost_w24,2,-0.25,24 months,6832,0.019330941140651703,0.012739339843392372,0.9954196810722351,0.04335086802153539,-1.3742597506744105,-1.5495755706640653,-1.19525113945613,3377,12.238193018480493,5.264544832306639,0.3008720340701683
dkasc_14,xgboost_w24,3,-0.25,24 months,6832,0.01921536773443222,0.01262541115283966,0.9954742789268494,0.043091687289290345,-1.3888016912022627,-1.5449133094238177,-1.2165992199749676,3377,12.238193018480493,5.264544832306639,0.3008720340701683
dkasc_14,xgboost_w24,4,-0.25,24 months,6832,0.01920870505273342,0.012658308260142803,0.9954773783683777,0.04307674580077757,-1.3656070123912623,-1.5741682125496093,-1.1973016021081464,3377,12.238193018480493,5.264544832306639,0.3008720340701683
dkasc_14,xgboost_w24,0,-0.5,24 months,6832,0.019373726099729538,0.012844113633036613,0.9953646063804626,0.04361358058733392,-1.600399347801571,-1.7954693987987935,-1.425183163683974,3377,12.238193018480493,5.264544832306639,0.3008720340701683
dkasc_14,xgboost_w24,1,-0.5,24 months,6832,0.01947365701198578,0.012837999500334263,0.9953166842460632,0.04383854221177405,-1.6719100888799965,-1.8466628718240785,-1.4999291602077105,3377,12.238193018480493,5.264544832306639,0.3008720340701683
dkasc_14,xgboost_w24,2,-0.5,24 months,6832,0.019419992342591286,0.012860128656029701,0.9953424334526062,0.04371773383597266,-1.6195382737786872,-1.7926243038632772,-1.4726185567672578,3377,12.238193018480493,5.264544832306639,0.3008720340701683
dkasc_14,xgboost_w24,3,-0.5,24 months,6832,0.01936771348118782,0.012802808545529842,0.9953674674034119,0.04360004515166397,-1.611283961281165,-1.7649025514318355,-1.4364360290669786,3377,12.238193018480493,5.264544832306639,0.3008720340701683
dkasc_14,xgboost_w24,4,-0.5,24 months,6832,0.019292067736387253,0.012777213007211685,0.9954035878181458,0.0434297536047532,-1.6150841310442188,-1.803144559034847,-1.4212439947505373,3377,12.238193018480493,5.264544832306639,0.3008720340701683
dkasc_14,xgboost_w24,0,-1.0,24 months,6832,0.019679665565490723,0.013207619078457355,0.9951444268226624,0.04464502123907411,-2.130371678098882,-2.3135025341722404,-1.9002950540286778,3377,12.238193018480493,5.264544832306639,0.3008720340701683
dkasc_14,xgboost_w24,1,-1.0,24 months,6832,0.019625060260295868,0.013136751018464565,0.9951713681221008,0.04452114438750478,-2.161665344956723,-2.3348469295098946,-1.94500685640579,3377,12.238193018480493,5.264544832306639,0.3008720340701683
dkasc_14,xgboost_w24,2,-1.0,24 months,6832,0.019771499559283257,0.013265984132885933,0.9950990080833435,0.04485335458649268,-2.1593246693044836,-2.3455722592168993,-1.9427195374976114,3377,12.238193018480493,5.264544832306639,0.3008720340701683
dkasc_14,xgboost_w24,3,-1.0,24 months,6832,0.01966547593474388,0.01313118264079094,0.9951514601707458,0.044612830836043164,-2.125161167728087,-2.308882218886748,-1.9043051668360444,3377,12.238193018480493,5.264544832306639,0.3008720340701683
dkasc_14,xgboost_w24,4,-1.0,24 months,6832,0.01964467018842697,0.013166024349629879,0.9951617121696472,0.044565631203350116,-2.151413206796154,-2.3426359319993537,-1.9386830608849945,3377,12.238193018480493,5.264544832306639,0.3008720340701683
dkasc_14,xgboost_w24,0,-2.0,24 months,6832,0.02058877982199192,0.014091580174863338,0.994522750377655,0.047441430321279475,-3.171452490822909,-3.3944701790538656,-2.953127666394584,3377,12.238193018480493,5.264544832306639,0.3008720340701683
dkasc_14,xgboost_w24,1,-2.0,24 months,6832,0.020535258576273918,0.014005176723003387,0.9945511817932129,0.04731810468122739,-3.1859168476122077,-3.4280978728307945,-2.9764636070120267,3377,12.238193018480493,5.264544832306639,0.3008720340701683
dkasc_14,xgboost_w24,2,-2.0,24 months,6832,0.020618800073862076,0.01408449374139309,0.9945067763328552,0.04751060409940711,-3.1712700890927703,-3.372912475401562,-2.939723365124908,3377,12.238193018480493,5.264544832306639,0.3008720340701683
dkasc_14,xgboost_w24,3,-2.0,24 months,6832,0.020639481022953987,0.014052496291697025,0.9944957494735718,0.04755825790957967,-3.1715147909996078,-3.3892458617819754,-2.9121126695089674,3377,12.238193018480493,5.264544832306639,0.3008720340701683
dkasc_14,xgboost_w24,4,-2.0,24 months,6832,0.02043161354959011,0.013989575207233429,0.994606077671051,0.04707928196545309,-3.179536771188881,-3.3562430919873876,-2.9175258498181704,3377,12.238193018480493,5.264544832306639,0.3008720340701683
dkasc_19,xgboost_w24,0,0.0,24 months,6885,0.016799019649624825,0.010524023324251175,0.996076226234436,0.038612959753800594,-0.550094156425357,-0.6609981026337239,-0.44649911557604904,3416,12.216290212183436,5.317932922655715,0.30285258610247506
dkasc_19,xgboost_w24,1,0.0,24 months,6885,0.016863921657204628,0.010532606393098831,0.9960458874702454,0.03876213861416795,-0.5373377372448307,-0.6270290176043192,-0.4324771785683518,3416,12.216290212183436,5.317932922655715,0.30285258610247506
dkasc_19,xgboost_w24,2,0.0,24 months,6885,0.016833893954753876,0.010522824712097645,0.9960599541664124,0.038693119201701466,-0.5279556977809807,-0.6353278904138726,-0.4205039882517303,3416,12.216290212183436,5.317932922655715,0.30285258610247506
dkasc_19,xgboost_w24,3,0.0,24 months,6885,0.016940362751483917,0.010582732036709785,0.9960099458694458,0.038937840349061066,-0.5622204689071078,-0.6721855186553494,-0.438534183974998,3416,12.216290212183436,5.317932922655715,0.30285258610247506
dkasc_19,xgboost_w24,4,0.0,24 months,6885,0.016931777819991112,0.010557244531810284,0.9960139989852905,0.03891810767292075,-0.597095982816731,-0.7323294480117721,-0.5048727540966426,3416,12.216290212183436,5.317932922655715,0.30285258610247506
dkasc_19,xgboost_w24,0,-0.25,24 months,6885,0.016948560252785683,0.010605854913592339,0.9959765076637268,0.0391028859229853,-0.7868755242973338,-0.9236186372714266,-0.666563172949961,3416,12.216290212183436,5.317932922655715,0.30285258610247506
dkasc_19,xgboost_w24,1,-0.25,24 months,6885,0.016986671835184097,0.010602428577840328,0.9959583878517151,0.03919081509435104,-0.7302276630432036,-0.8453239202440566,-0.6176586478502222,3416,12.216290212183436,5.317932922655715,0.30285258610247506
dkasc_19,xgboost_w24,2,-0.25,24 months,6885,0.017055947333574295,0.010651604272425175,0.9959253668785095,0.039350644122327895,-0.8181078364894623,-0.9430132050579838,-0.6744762339256305,3416,12.216290212183436,5.317932922655715,0.30285258610247506
dkasc_19,xgboost_w24,3,-0.25,24 months,6885,0.017034994438290596,0.010650571435689926,0.995935320854187,0.0393023026312623,-0.8270190963811865,-0.930909149753445,-0.703637633332821,3416,12.216290212183436,5.317932922655715,0.30285258610247506
dkasc_19,xgboost_w24,4,-0.25,24 months,6885,0.016941562294960022,0.010576561093330383,0.9959797859191895,0.039086740578338365,-0.7643607120657371,-0.8989665553398375,-0.6537330940914914,3416,12.216290212183436,5.317932922655715,0.30285258610247506
dkasc_19,xgboost_w24,0,-0.5,24 months,6885,0.01712033525109291,0.010765155777335167,0.9958640933036804,0.03964799191943453,-1.0233940106042114,-1.1566685961936995,-0.9189897069543521,3416,12.216290212183436,5.317932922655715,0.30285258610247506
dkasc_19,xgboost_w24,1,-0.5,24 months,6885,0.017114052549004555,0.010734230279922485,0.995867133140564,0.03963344217388469,-0.960725601261947,-1.0900037761934933,-0.8294789948057268,3416,12.216290212183436,5.317932922655715,0.30285258610247506
dkasc_19,xgboost_w24,2,-0.5,24 months,6885,0.017171427607536316,0.010728184133768082,0.9958393573760986,0.03976631374583005,-1.0597831829431081,-1.1860523446553306,-0.9341658688250265,3416,12.216290212183436,5.317932922655715,0.30285258610247506
dkasc_19,xgboost_w24,3,-0.5,24 months,6885,0.017135504633188248,0.010726633481681347,0.995856761932373,0.03968312181203989,-1.008766150637015,-1.148661781294802,-0.9038486601761478,3416,12.216290212183436,5.317932922655715,0.30285258610247506
dkasc_19,xgboost_w24,4,-0.5,24 months,6885,0.017111267894506454,0.010721968486905098,0.9958685040473938,0.03962699335396266,-0.968885386627949,-1.102330850160893,-0.8392466409805464,3416,12.216290212183436,5.317932922655715,0.30285258610247506
dkasc_19,xgboost_w24,0,-1.0,24 months,6885,0.017473971471190453,0.011041823774576187,0.9956274032592773,0.040774150649196754,-1.4614651875390794,-1.6281928921659472,-1.3284302514206203,3416,12.216290212183436,5.317932922655715,0.30285258610247506
dkasc_19,xgboost_w24,1,-1.0,24 months,6885,0.017344065010547638,0.01091588381677866,0.9956921935081482,0.04047102404713683,-1.451059336240923,-1.5808143028390047,-1.3075526217901423,3416,12.216290212183436,5.317932922655715,0.30285258610247506
dkasc_19,xgboost_w24,2,-1.0,24 months,6885,0.01746867597103119,0.011028686538338661,0.9956300258636475,0.04076179401226321,-1.4530659727784254,-1.5926485139337532,-1.3233121327359987,3416,12.216290212183436,5.317932922655715,0.30285258610247506
dkasc_19,xgboost_w24,3,-1.0,24 months,6885,0.017484299838542938,0.011045930907130241,0.9956222176551819,0.040798251089505064,-1.491413977112901,-1.631402227106693,-1.3229973810759965,3416,12.216290212183436,5.317932922655715,0.30285258610247506
dkasc_19,xgboost_w24,4,-1.0,24 months,6885,0.017380360513925552,0.010994345881044865,0.9956741333007812,0.04055571677569367,-1.4776658084756633,-1.6225396497613795,-1.3480100076788972,3416,12.216290212183436,5.317932922655715,0.30285258610247506
dkasc_19,xgboost_w24,0,-2.0,24 months,6885,0.018391050398349762,0.011845708824694157,0.9950112700462341,0.0435756821776527,-2.4343270041878142,-2.646367818595735,-2.256060150415406,3416,12.216290212183436,5.317932922655715,0.30285258610247506
dkasc_19,xgboost_w24,1,-2.0,24 months,6885,0.01830940693616867,0.011805752292275429,0.9950554966926575,0.04338223648081498,-2.450139444710875,-2.6316307466240474,-2.2883372528891943,3416,12.216290212183436,5.317932922655715,0.30285258610247506
dkasc_19,xgboost_w24,2,-2.0,24 months,6885,0.018451441079378128,0.011859039776027203,0.9949784874916077,0.043718771618765875,-2.4508562358391606,-2.646743751336717,-2.2906917048483635,3416,12.216290212183436,5.317932922655715,0.30285258610247506
dkasc_19,xgboost_w24,3,-2.0,24 months,6885,0.018372979015111923,0.011784342117607594,0.9950211048126221,0.04353286391358263,-2.4313786115839786,-2.600729182815202,-2.263793925573765,3416,12.216290212183436,5.317932922655715,0.30285258610247506
dkasc_19,xgboost_w24,4,-2.0,24 months,6885,0.018336832523345947,0.01180087961256504,0.9950406551361084,0.04344721855875436,-2.4419808617467065,-2.6300543764186197,-2.252879734513278,3416,12.216290212183436,5.317932922655715,0.30285258610247506
dkasc_21,xgboost_w24,0,0.0,24 months,6880,0.017873259261250496,0.011381194926798344,0.9956983923912048,0.04207835542025729,-0.8855509213603008,-1.0570254200773732,-0.7526096608916233,3177,12.216290212183436,4.988021902806297,0.2795486459378134
dkasc_21,xgboost_w24,1,0.0,24 months,6880,0.017946382984519005,0.011424124240875244,0.9956631064414978,0.042250507906402654,-0.8754977061653568,-1.0202650339937653,-0.765532308822281,3177,12.216290212183436,4.988021902806297,0.27955867602808426
dkasc_21,xgboost_w24,2,0.0,24 months,6880,0.017817353829741478,0.011358000338077545,0.9957252740859985,0.041946739323686734,-0.865452675291736,-1.01765858528845,-0.7489285625073616,3177,12.216290212183436,4.988021902806297,0.27953861584754264
dkasc_21,xgboost_w24,3,0.0,24 months,6880,0.017866695299744606,0.011456296779215336,0.9957015514373779,0.04206290212765002,-0.8628051501369888,-1.034455388434979,-0.7350937296754734,3177,12.216290212183436,4.988021902806297,0.27953861584754264
dkasc_21,xgboost_w24,4,0.0,24 months,6880,0.017831265926361084,0.011361508630216122,0.9957185983657837,0.04197949205991934,-0.8730712613110154,-1.01340069085199,-0.7489573954063065,3177,12.216290212183436,4.988021902806297,0.2795285857572718
dkasc_21,xgboost_w24,0,-0.25,24 months,6880,0.018015868961811066,0.011520353145897388,0.9955970048904419,0.04257347384759921,-1.120491587778566,-1.2467809594288282,-0.9907154617084427,3177,12.216290212183436,4.988021902806297,0.2795486459378134
dkasc_21,xgboost_w24,1,-0.25,24 months,6880,0.01811050996184349,0.011537335813045502,0.9955506324768066,0.042797120908328386,-1.1547233137389363,-1.2978810848330413,-0.9903568822146547,3177,12.216290212183436,4.988021902806297,0.27956870611835505
dkasc_21,xgboost_w24,2,-0.25,24 months,6880,0.0179674681276083,0.011472398415207863,0.995620608329773,0.0424590973690901,-1.1164057649705919,-1.2513386059619014,-0.9803138372216833,3177,12.216290212183436,4.988021902806297,0.27953861584754264
dkasc_21,xgboost_w24,3,-0.25,24 months,6880,0.017930885776877403,0.011531280353665352,0.9956384301185608,0.042372649262955066,-1.0842265710521266,-1.2350868852737729,-0.9658013294325918,3177,12.216290212183436,4.988021902806297,0.2795285857572718
dkasc_21,xgboost_w24,4,-0.25,24 months,6880,0.01791500672698021,0.011422930285334587,0.9956461787223816,0.0423351253268654,-1.1253240632523336,-1.2815523000947908,-0.9939368983398222,3177,12.216290212183436,4.988021902806297,0.2795285857572718
dkasc_21,xgboost_w24,0,-0.5,24 months,6880,0.018134377896785736,0.01162683591246605,0.9955057501792908,0.0430151536316206,-1.3823183351748314,-1.5126226970613665,-1.2304502833397124,3177,12.216290212183436,4.988021902806297,0.27953861584754264
dkasc_21,xgboost_w24,1,-0.5,24 months,6880,0.01810154877603054,0.011581145226955414,0.9955220222473145,0.042937282216294795,-1.3143539851655484,-1.4660268962455758,-1.1902988650070185,3177,12.216290212183436,4.988021902806297,0.27953861584754264
dkasc_21,xgboost_w24,2,-0.5,24 months,6880,0.018117109313607216,0.011603079736232758,0.9955142736434937,0.04297419216260014,-1.3487695444992869,-1.4839981285955872,-1.2254161027660193,3177,12.216290212183436,4.988021902806297,0.27953861584754264
dkasc_21,xgboost_w24,3,-0.5,24 months,6880,0.01807640865445137,0.011613495647907257,0.9955344200134277,0.04287764928054146,-1.32765577478543,-1.4430505423073252,-1.1969939110736516,3177,12.216290212183436,4.988021902806297,0.27950852557673017
dkasc_21,xgboost_w24,4,-0.5,24 months,6880,0.018034765496850014,0.011540043167769909,0.9955549836158752,0.04277887077089953,-1.3927703830985072,-1.5434137570875694,-1.2469488039228982,3177,12.216290212183436,4.988021902806297,0.2795285857572718
dkasc_21,xgboost_w24,0,-1.0,24 months,6880,0.01834411546587944,0.01186318788677454,0.9953325390815735,0.04384338623969288,-1.8399089636926491,-1.9939099462764036,-1.6603122181872876,3177,12.216290212183436,4.988021902806297,0.27953861584754264
dkasc_21,xgboost_w24,1,-1.0,24 months,6880,0.018299927935004234,0.01185267698019743,0.9953550100326538,0.04373777575186405,-1.8066989988161657,-1.9746594830505226,-1.6578207993867722,3177,12.216290212183436,4.988021902806297,0.27953861584754264
dkasc_21,xgboost_w24,2,-1.0,24 months,6880,0.01830168440937996,0.01183102186769247,0.9953541159629822,0.04374197381661229,-1.8346267076533471,-1.9826551899676512,-1.6541550402999428,3177,12.216290212183436,4.988021902806297,0.27953861584754264
dkasc_21,xgboost_w24,3,-1.0,24 months,6880,0.01829378679394722,0.011842407286167145,0.9953581094741821,0.043723098106609584,-1.8150543724617718,-1.9565580875625368,-1.6510776126712103,3177,12.216290212183436,4.988021902806297,0.279518555667001
dkasc_21,xgboost_w24,4,-1.0,24 months,6880,0.01823997125029564,0.011812621727585793,0.9953854084014893,0.04359447616948735,-1.8293350787942597,-1.9664885154023046,-1.6854688524665857,3177,12.216290212183436,4.988021902806297,0.2795285857572718
dkasc_21,xgboost_w24,0,-2.0,24 months,6880,0.019077850505709648,0.012589664198458195,0.9947998523712158,0.0463009007153878,-2.7781200329923705,-2.942125310954422,-2.590397619721318,3177,12.216290212183436,4.988021902806297,0.2795285857572718
dkasc_21,xgboost_w24,1,-2.0,24 months,6880,0.01902906596660614,0.012549602426588535,0.9948263764381409,0.046182503304694096,-2.7450357332519717,-2.9412368291793003,-2.580867921274266,3177,12.216290212183436,4.988021902806297,0.27950852557673017
dkasc_21,xgboost_w24,2,-2.0,24 months,6880,0.01912207342684269,0.012602514587342739,0.9947757124900818,0.04640822732852551,-2.785391711791474,-2.979730888027097,-2.646463143217947,3177,12.216290212183436,4.988021902806297,0.27953861584754264
dkasc_21,xgboost_w24,3,-2.0,24 months,6880,0.01903723180294037,0.01258053444325924,0.9948219656944275,0.046202321343275336,-2.7721778291750656,-2.9333556626354347,-2.6108894612502844,3177,12.216290212183436,4.988021902806297,0.27950852557673017
dkasc_21,xgboost_w24,4,-2.0,24 months,6880,0.018975837156176567,0.012540647760033607,0.9948552846908569,0.04605331989033826,-2.7731565069280064,-2.9586974851941052,-2.6060604059510237,3177,12.216290212183436,4.988021902806297,0.2795285857572718
pvdaq_1423,xgboost_w24,0,0.0,24 months,6467,0.05601072311401367,0.02599165216088295,0.9617700576782227,0.11995130740560545,-0.25866019840398713,-0.43711253598303546,-0.14068687882005104,2121,7.260780287474333,4.298083504449007,0.3501355847452738
pvdaq_1423,xgboost_w24,1,0.0,24 months,6467,0.05572720617055893,0.02529900148510933,0.9621560573577881,0.11934413388331737,-0.25776526389586496,-0.425958178618992,-0.10029093384009011,2121,7.260780287474333,4.298083504449007,0.3501355847452738
pvdaq_1423,xgboost_w24,2,0.0,24 months,6467,0.05545201525092125,0.024586161598563194,0.9625289440155029,0.1187547911867502,-0.3172932390688721,-0.4548718770807203,-0.1363748517823586,2121,7.260780287474333,4.298083504449007,0.3501355847452738
pvdaq_1423,xgboost_w24,3,0.0,24 months,6467,0.05632135272026062,0.025972606614232063,0.961344838142395,0.12061654479795911,-0.29815762986321603,-0.44462696572243826,-0.1422398682048076,2121,7.260780287474333,4.298083504449007,0.3501355847452738
pvdaq_1423,xgboost_w24,4,0.0,24 months,6467,0.055450279265642166,0.023794859647750854,0.9625312685966492,0.11875107343964239,-0.3303168874842721,-0.4767699800534,-0.1742921286565613,2121,7.260780287474333,4.298083504449007,0.3501355847452738
pvdaq_1423,xgboost_w24,0,-0.25,24 months,6467,0.055631451308727264,0.025961734354496002,0.9620802402496338,0.11945384798157371,-0.5126773965344649,-0.6409084331322701,-0.3686962240804478,2121,7.260780287474333,4.298083504449007,0.3501355847452738
pvdaq_1423,xgboost_w24,1,-0.25,24 months,6467,0.05517830327153206,0.025170495733618736,0.9626954793930054,0.11848083225980388,-0.5177828904579629,-0.6925046111110333,-0.3443783391076982,2121,7.260780287474333,4.298083504449007,0.3501355847452738
pvdaq_1423,xgboost_w24,2,-0.25,24 months,6467,0.05528310313820839,0.024579152464866638,0.9625536203384399,0.11870586229313827,-0.5513519479016071,-0.6874327314889683,-0.3778065459907171,2121,7.260780287474333,4.298083504449007,0.3501355847452738
pvdaq_1423,xgboost_w24,3,-0.25,24 months,6467,0.056071821600198746,0.02586006559431553,0.961477518081665,0.12039942686933469,-0.5156374675670206,-0.6515193706390178,-0.34639661304270986,2121,7.260780287474333,4.298083504449007,0.3501355847452738
pvdaq_1423,xgboost_w24,4,-0.25,24 months,6467,0.05526680871844292,0.023868396878242493,0.9625757336616516,0.11867087433046926,-0.5434362642572859,-0.6982045214036781,-0.4148883941033631,2121,7.260780287474333,4.298083504449007,0.3501355847452738
pvdaq_1423,xgboost_w24,0,-0.5,24 months,6467,0.05522708222270012,0.025303127244114876,0.9624255895614624,0.11889972034931152,-0.7396519324195243,-0.9026721432546426,-0.6008787228295689,2121,7.260780287474333,4.298083504449007,0.3501355847452738
pvdaq_1423,xgboost_w24,1,-0.5,24 months,6467,0.05499659478664398,0.025216802954673767,0.962738573551178,0.11840349837653745,-0.7483930628608526,-0.8924749801629106,-0.6031154614517642,2121,7.260780287474333,4.298083504449007,0.3501355847452738
pvdaq_1423,xgboost_w24,2,-0.5,24 months,6467,0.054652899503707886,0.02429634891450405,0.9632028341293335,0.11766354849358523,-0.766851685619685,-0.9141208599075523,-0.6117070504578881,2121,7.260780287474333,4.298083504449007,0.3501355847452738
pvdaq_1423,xgboost_w24,3,-0.5,24 months,6467,0.055453505367040634,0.025835825130343437,0.9621168971061707,0.11938719221020287,-0.7377562059514398,-0.8994085400537412,-0.5997829541384836,2121,7.260780287474333,4.298083504449007,0.3501355847452738
pvdaq_1423,xgboost_w24,4,-0.5,24 months,6467,0.054869405925273895,0.024734828621149063,0.9629107117652893,0.11812967040229341,-0.7915743841578948,-0.9483308641443189,-0.6142357451286551,2121,7.260780287474333,4.298083504449007,0.3501355847452738
pvdaq_1423,xgboost_w24,0,-1.0,24 months,6467,0.05437234789133072,0.02537701092660427,0.9631811380386353,0.11768305674169266,-1.220401755265458,-1.4110728420933527,-1.0715654626667817,2121,7.260780287474333,4.298083504449007,0.3501355847452738
pvdaq_1423,xgboost_w24,1,-1.0,24 months,6467,0.054186467081308365,0.025286780670285225,0.9634324908256531,0.11728073786525252,-1.2331857294461068,-1.3706352523994658,-1.0624636423746336,2121,7.260780287474333,4.298083504449007,0.3501355847452738
pvdaq_1423,xgboost_w24,2,-1.0,24 months,6467,0.0542713887989521,0.024452129378914833,0.9633177518844604,0.11746454172334678,-1.2337746387921567,-1.3850855217631297,-1.0795238722911826,2121,7.260780287474333,4.298083504449007,0.3501355847452738
pvdaq_1423,xgboost_w24,3,-1.0,24 months,6467,0.054829102009534836,0.026002634316682816,0.9625599980354309,0.11867165154942556,-1.2063355558828834,-1.3823491255944786,-1.0618005845971223,2121,7.260780287474333,4.298083504449007,0.3501355847452738
pvdaq_1423,xgboost_w24,4,-1.0,24 months,6467,0.05434514209628105,0.02480221539735794,0.9632179737091064,0.11762417274556779,-1.22436415011542,-1.40927340029114,-1.1049674714460833,2121,7.260780287474333,4.298083504449007,0.3501355847452738
pvdaq_1423,xgboost_w24,0,-2.0,24 months,6467,0.05285423994064331,0.025208961218595505,0.9644431471824646,0.11562906695731268,-2.222530310121329,-2.314911763120908,-2.061031936235358,2121,7.260780287474333,4.298083504449007,0.3501355847452738
pvdaq_1423,xgboost_w24,1,-2.0,24 months,6467,0.05247277766466141,0.025445606559515,0.9649545550346375,0.11479454304587748,-2.166894599469038,-2.3601802509993943,-2.0054352845582937,2121,7.260780287474333,4.298083504449007,0.3501355847452738
pvdaq_1423,xgboost_w24,2,-2.0,24 months,6467,0.05255964398384094,0.024801554158329964,0.964838445186615,0.11498458023963952,-2.1917704420292394,-2.3716092324087,-2.0518870283058277,2121,7.260780287474333,4.298083504449007,0.3501355847452738
pvdaq_1423,xgboost_w24,3,-2.0,24 months,6467,0.05329161137342453,0.024424107745289803,0.9638522267341614,0.1165859031684297,-2.2214073717822194,-2.389719889369796,-2.0376481052848785,2121,7.260780287474333,4.298083504449007,0.3501355847452738
pvdaq_1423,xgboost_w24,4,-2.0,24 months,6467,0.05261334404349327,0.024131828919053078,0.9647665619850159,0.11510205970391947,-2.2103658363174294,-2.3638201996093624,-2.0728462287487592,2121,7.260780287474333,4.298083504449007,0.3501355847452738
pvdaq_10,xgboost_w24,0,0.0,24 months,5549,0.02715500257909298,0.012107539921998978,0.9913782477378845,0.06834301100851413,-1.3599410231908395,-1.474414929686585,-1.226629821735059,4145,13.125256673511293,6.424024640657084,0.2959165862845069
pvdaq_10,xgboost_w24,1,0.0,24 months,5549,0.02734852209687233,0.012152070179581642,0.9912549257278442,0.06883005594601449,-1.328532952108541,-1.4695886153089477,-1.2125873013579518,4145,13.125256673511293,6.424024640657084,0.2959165862845069
pvdaq_10,xgboost_w24,2,0.0,24 months,5549,0.027327001094818115,0.012097186408936977,0.9912686944007874,0.06877589244240143,-1.3368093615967303,-1.443688822257235,-1.208270519355259,4145,13.125256673511293,6.424024640657084,0.2959165862845069
pvdaq_10,xgboost_w24,3,0.0,24 months,5549,0.027253352105617523,0.012163728475570679,0.9913157224655151,0.0685905345634971,-1.344874976566122,-1.4834419840516255,-1.2288795345735903,4145,13.125256673511293,6.424024640657084,0.2959165862845069
pvdaq_10,xgboost_w24,4,0.0,24 months,5549,0.02725210040807724,0.012150858528912067,0.9913164973258972,0.06858738432337005,-1.3447691199131806,-1.473591739172836,-1.2305572770650197,4145,13.125256673511293,6.424024640657084,0.2959165862845069
pvdaq_10,xgboost_w24,0,-0.25,24 months,5549,0.027142081409692764,0.012035935185849667,0.9913425445556641,0.06848185628118901,-1.5616088656084883,-1.6694576789378712,-1.4548101599362635,4145,13.125256673511293,6.424024640657084,0.2959165862845069
pvdaq_10,xgboost_w24,1,-0.25,24 months,5549,0.027312053367495537,0.01213536411523819,0.991233766078949,0.06891071046559673,-1.549810360865913,-1.6879631516187492,-1.434092603858798,4145,13.125256673511293,6.424024640657084,0.2959165862845069
pvdaq_10,xgboost_w24,2,-0.25,24 months,5549,0.027206318452954292,0.01204913854598999,0.9913014769554138,0.06864393198563346,-1.5741306733983276,-1.6751241168750326,-1.4497296109088593,4145,13.125256673511293,6.424024640657084,0.2959165862845069
pvdaq_10,xgboost_w24,3,-0.25,24 months,5549,0.02715960144996643,0.012071192264556885,0.9913313388824463,0.06852606088222721,-1.5713501555288318,-1.7123388159459463,-1.435308422583076,4145,13.125256673511293,6.424024640657084,0.2959165862845069
pvdaq_10,xgboost_w24,4,-0.25,24 months,5549,0.027251051738858223,0.012157761491835117,0.9912728667259216,0.06875679799653431,-1.5903315065615806,-1.6980811402262153,-1.4622883410565168,4145,13.125256673511293,6.424024640657084,0.2959165862845069
pvdaq_10,xgboost_w24,0,-0.5,24 months,5549,0.027082374319434166,0.011980119161307812,0.9913365840911865,0.0685030580615582,-1.7996571317876717,-1.9161459769100877,-1.690622813013012,4145,13.125256673511293,6.424024640657084,0.2959165862845069
pvdaq_10,xgboost_w24,1,-0.5,24 months,5549,0.027271386235952377,0.012065847404301167,0.9912152290344238,0.06898115108762948,-1.7747099420437784,-1.9165079798483107,-1.6466683911392055,4145,13.125256673511293,6.424024640657084,0.2959165862845069
pvdaq_10,xgboost_w24,2,-0.5,24 months,5549,0.027217745780944824,0.012057751417160034,0.9912497997283936,0.06884547113724958,-1.7866223552732985,-1.8841716859614388,-1.6662850966169562,4145,13.125256673511293,6.424024640657084,0.2959165862845069
pvdaq_10,xgboost_w24,3,-0.5,24 months,5549,0.027120595797896385,0.012041615322232246,0.9913121461868286,0.068599736740001,-1.7946926785476658,-1.9150695127675754,-1.667253194198822,4145,13.125256673511293,6.424024640657084,0.2959165862845069
pvdaq_10,xgboost_w24,4,-0.5,24 months,5549,0.02720257081091404,0.012126351706683636,0.9912595152854919,0.0688070870635033,-1.820566688823607,-1.929187283808877,-1.6714489282488199,4145,13.125256673511293,6.424024640657084,0.2959165862845069
pvdaq_10,xgboost_w24,0,-1.0,24 months,5549,0.02706541121006012,0.012039011344313622,0.991258978843689,0.06880624156556456,-2.233200390166112,-2.3495141797690593,-2.119630346248214,4145,13.125256673511293,6.424024640657084,0.2959165862845069
pvdaq_10,xgboost_w24,1,-1.0,24 months,5549,0.027234883978962898,0.01212976686656475,0.9911491274833679,0.06923707870250691,-2.2146535074224207,-2.346812083211863,-2.115190920808485,4145,13.125256673511293,6.424024640657084,0.2959165862845069
pvdaq_10,xgboost_w24,2,-1.0,24 months,5549,0.027135318145155907,0.012061881832778454,0.9912137389183044,0.06898396040478623,-2.2328840277845012,-2.3414105193530057,-2.1115812962436586,4145,13.125256673511293,6.424024640657084,0.2959165862845069
pvdaq_10,xgboost_w24,3,-1.0,24 months,5549,0.027087314054369926,0.012139680795371532,0.9912447929382324,0.06886192342403909,-2.235299686597647,-2.362081247543313,-2.119843034034356,4145,13.125256673511293,6.424024640657084,0.2959165862845069
pvdaq_10,xgboost_w24,4,-1.0,24 months,5549,0.02717774175107479,0.012191543355584145,0.991186261177063,0.06909181056284523,-2.264479355593385,-2.3682942157924156,-2.1285670988094973,4145,13.125256673511293,6.424024640657084,0.2959165862845069
pvdaq_10,xgboost_w24,0,-2.0,24 months,5549,0.02721930854022503,0.012418734841048717,0.9909775853157043,0.06990425393902377,-3.1194020995370444,-3.2252645812374383,-3.0209813569324173,4145,13.125256673511293,6.424024640657084,0.2959165862845069
pvdaq_10,xgboost_w24,1,-2.0,24 months,5549,0.027334216982126236,0.012462077662348747,0.9909012317657471,0.07019936021957197,-3.0965708253931323,-3.21566174255389,-3.0252569031366328,4145,13.125256673511293,6.424024640657084,0.2959165862845069
pvdaq_10,xgboost_w24,2,-2.0,24 months,5549,0.027171017602086067,0.012392655946314335,0.9910095930099487,0.06978023381567527,-3.1464847494809325,-3.21445971364108,-3.0063529166556693,4145,13.125256673511293,6.424024640657084,0.2959165862845069
pvdaq_10,xgboost_w24,3,-2.0,24 months,5549,0.02724420838057995,0.012521571479737759,0.9909610748291016,0.069968201366661,-3.122714636301238,-3.230672607171038,-3.016089559819788,4145,13.125256673511293,6.424024640657084,0.2959165862845069
pvdaq_10,xgboost_w24,4,-2.0,24 months,5549,0.027350228279829025,0.012497171759605408,0.990890622138977,0.0702404802141837,-3.117400967781321,-3.2412879473689706,-3.0148942717350025,4145,13.125256673511293,6.424024640657084,0.2959165862845069
pvdaq_1278,xgboost_w24,0,0.0,24 months,6830,0.07052651047706604,0.0323810800909996,0.9064846634864807,0.20472942103272007,-0.06973636495036795,-0.28619701844873374,0.16121057068394254,2415,6.899383983572895,3.3767967145790556,0.3698504729935917
pvdaq_1278,xgboost_w24,1,0.0,24 months,6830,0.07039967179298401,0.0326102115213871,0.9068207144737244,0.2043612245888437,-0.07230933254595007,-0.2997538412098577,0.14856709707707916,2415,6.899383983572895,3.3767967145790556,0.3698504729935917
pvdaq_1278,xgboost_w24,2,0.0,24 months,6830,0.07047684490680695,0.03263992443680763,0.9066163301467896,0.2045852482475415,-0.06854693744075546,-0.2625999265738477,0.15456188172704444,2415,6.899383983572895,3.3767967145790556,0.3698504729935917
pvdaq_1278,xgboost_w24,3,0.0,24 months,6830,0.07040299475193024,0.03305409103631973,0.9068118929862976,0.20437087071278454,-0.07895138579764871,-0.24678958823708,0.17459001449441902,2415,6.899383983572895,3.3767967145790556,0.3698504729935917
pvdaq_1278,xgboost_w24,4,0.0,24 months,6830,0.07049950957298279,0.03228120878338814,0.906556248664856,0.2046510408686806,-0.07193831339996626,-0.28310006768110296,0.18865254621759722,2415,6.899383983572895,3.3767967145790556,0.3698504729935917
pvdaq_1278,xgboost_w24,0,-0.25,24 months,6830,0.07027055323123932,0.032758720219135284,0.906609296798706,0.20456463585165638,-0.2847706038155171,-0.48065265689677866,-0.06352643742926212,2415,6.899383983572895,3.3767967145790556,0.3698504729935917
pvdaq_1278,xgboost_w24,1,-0.25,24 months,6830,0.07018911093473434,0.032668229192495346,0.9068256616592407,0.20432754914945497,-0.291715469852194,-0.5109579700477657,-0.0889824309633025,2415,6.899383983572895,3.3767967145790556,0.3698504729935917
pvdaq_1278,xgboost_w24,2,-0.25,24 months,6830,0.07029066234827042,0.033047519624233246,0.9065558314323425,0.20462317551035564,-0.27765258469304444,-0.46952886020919515,-0.09568963340870207,2415,6.899383983572895,3.3767967145790556,0.3698504729935917
pvdaq_1278,xgboost_w24,3,-0.25,24 months,6830,0.07025505602359772,0.03305450826883316,0.9066504836082458,0.2045195219242409,-0.30488292578405857,-0.4639410388970906,-0.07189229027580779,2415,6.899383983572895,3.3767967145790556,0.3698504729935917
pvdaq_1278,xgboost_w24,4,-0.25,24 months,6830,0.07027175277471542,0.03223133087158203,0.9066060781478882,0.20456812784315345,-0.3177827545521983,-0.5093808411811729,-0.03852951144016869,2415,6.899383983572895,3.3767967145790556,0.3698504729935917
pvdaq_1278,xgboost_w24,0,-0.5,24 months,6830,0.0700494647026062,0.03245388716459274,0.9066429138183594,0.20450070869252646,-0.5085162063447586,-0.7686328642517726,-0.30769037386871867,2415,6.899383983572895,3.3767967145790556,0.3698504729935917
pvdaq_1278,xgboost_w24,1,-0.5,24 months,6830,0.0699346512556076,0.03260727599263191,0.9069486856460571,0.2041655250993566,-0.5177950084277405,-0.7581003179962909,-0.31142532705278336,2415,6.899383983572895,3.3767967145790556,0.3698504729935917
pvdaq_1278,xgboost_w24,2,-0.5,24 months,6830,0.07007621973752975,0.03264744579792023,0.906571626663208,0.20457881669272587,-0.5075576164567608,-0.7194236836560821,-0.29638743999088324,2415,6.899383983572895,3.3767967145790556,0.3698504729935917
pvdaq_1278,xgboost_w24,3,-0.5,24 months,6830,0.07001820206642151,0.03261612355709076,0.9067262411117554,0.20440944131050565,-0.5443387469371619,-0.7330426061034139,-0.31911088572059154,2415,6.899383983572895,3.3767967145790556,0.3698504729935917
pvdaq_1278,xgboost_w24,4,-0.5,24 months,6830,0.07000698149204254,0.03218008205294609,0.9067561030387878,0.2043766842377403,-0.5176060446118851,-0.7727795612070245,-0.311351476488065,2415,6.899383983572895,3.3767967145790556,0.3698504729935917
pvdaq_1278,xgboost_w24,0,-1.0,24 months,6830,0.06964921206235886,0.032321322709321976,0.906602144241333,0.20449486863987587,-0.9739135268536814,-1.2357002304291045,-0.7729050981971045,2415,6.899383983572895,3.3767967145790556,0.3698504729935917
pvdaq_1278,xgboost_w24,1,-1.0,24 months,6830,0.06957872211933136,0.03287129104137421,0.906791090965271,0.20428790532739885,-0.978274961947796,-1.2365283250798536,-0.7884787166155008,2415,6.899383983572895,3.3767967145790556,0.3698504729935917
pvdaq_1278,xgboost_w24,2,-1.0,24 months,6830,0.06965227425098419,0.033058051019907,0.906593918800354,0.20450385943592578,-1.0194080488354238,-1.2058729757425057,-0.8168254819330922,2415,6.899383983572895,3.3767967145790556,0.3698504729935917
pvdaq_1278,xgboost_w24,3,-1.0,24 months,6830,0.06964056193828583,0.03288920223712921,0.9066253304481506,0.20446947128169113,-0.9561351848993159,-1.169642104067914,-0.7875003634530323,2415,6.899383983572895,3.3767967145790556,0.3698504729935917
pvdaq_1278,xgboost_w24,4,-1.0,24 months,6830,0.06966318190097809,0.032210033386945724,0.9065646529197693,0.20453588504521297,-0.977714355877074,-1.2041229160402067,-0.7692146354336494,2415,6.899383983572895,3.3767967145790556,0.3698504729935917
pvdaq_1278,xgboost_w24,0,-2.0,24 months,6830,0.06883524358272552,0.032258518040180206,0.9065712690353394,0.20444296350873303,-1.9842308529756751,-2.2123737649021646,-1.7436971248484423,2415,6.899383983572895,3.3767967145790556,0.3698504729935917
pvdaq_1278,xgboost_w24,1,-2.0,24 months,6830,0.0688488557934761,0.033020954579114914,0.9065343141555786,0.2044833922275246,-1.9887597455189976,-2.1869146795265415,-1.7967932655766403,2415,6.899383983572895,3.3767967145790556,0.3698504729935917
pvdaq_1278,xgboost_w24,2,-2.0,24 months,6830,0.06880436837673187,0.03290211036801338,0.9066550731658936,0.2043512631197499,-2.027188462091961,-2.2450854685345023,-1.764935714888427,2415,6.899383983572895,3.3767967145790556,0.3698504729935917
pvdaq_1278,xgboost_w24,3,-2.0,24 months,6830,0.0689113438129425,0.03227018564939499,0.9063645601272583,0.2046689837242431,-1.9952305400337225,-2.235486381471624,-1.812473867514279,2415,6.899383983572895,3.3767967145790556,0.3698504729935917
pvdaq_1278,xgboost_w24,4,-2.0,24 months,6830,0.06891985237598419,0.032339323312044144,0.9063414335250854,0.20469425443954686,-1.9979923196603633,-2.225377130860978,-1.7514112520979421,2415,6.899383983572895,3.3767967145790556,0.3698504729935917
