system_id,injection,gamma,plr,ci_low,ci_high,days,span_years,t_center_years,points_kept_fraction
dkasc_7,0.0,-0.0032,-0.7061917813589633,-0.9653261091754717,-0.4875405000864011,3332,12.219028062970569,7.07015742642026,0.2776043659504199
dkasc_7,-0.25,-0.0032,-0.9250468579543036,-1.1838846978079554,-0.7108260516059062,3332,12.219028062970569,7.07015742642026,0.2776043659504199
dkasc_7,-0.5,-0.0032,-1.131718139321631,-1.3960812867319934,-0.9358061972872607,3332,12.219028062970569,7.07015742642026,0.2776043659504199
dkasc_7,-1.0,-0.0032,-1.569416036927842,-1.81851670096502,-1.3708201260977286,3332,12.219028062970569,7.07015742642026,0.2776043659504199
dkasc_7,-2.0,-0.0032,-2.462799564475515,-2.667954234033576,-2.2554539516819427,3332,12.219028062970569,7.07015742642026,0.2776043659504199
dkasc_8,0.0,-0.002,-0.8440396298410091,-1.19112366433212,-0.5623463359081149,3923,12.254620123203285,6.41854893908282,0.32677756364742877
dkasc_8,-0.25,-0.002,-1.0746282273727588,-1.4059028982530641,-0.7817173477182693,3923,12.254620123203285,6.41854893908282,0.32677756364742877
dkasc_8,-0.5,-0.002,-1.3014770864241743,-1.6322249518477827,-1.0145816048573373,3923,12.254620123203285,6.41854893908282,0.32677756364742877
dkasc_8,-1.0,-0.002,-1.7408272840689354,-2.0909416582996103,-1.4702881866909046,3923,12.254620123203285,6.41854893908282,0.32677756364742877
dkasc_8,-2.0,-0.002,-2.6554799014488317,-2.9706888168064105,-2.4054279415136937,3923,12.254620123203285,6.41854893908282,0.32677756364742877
dkasc_10,0.0,-0.0045,-1.0485136098723535,-1.2220803341600313,-0.8905175919768001,3839,12.219028062970569,6.278918548939083,0.3180780333739024
dkasc_10,-0.25,-0.0045,-1.2755643574813569,-1.4454857068990856,-1.1050191846327293,3839,12.219028062970569,6.278918548939083,0.3180780333739024
dkasc_10,-0.5,-0.0045,-1.5079416695277958,-1.6695681428966755,-1.328505354809728,3839,12.219028062970569,6.278918548939083,0.3180780333739024
dkasc_10,-1.0,-0.0045,-1.9553635412972892,-2.1155118667416293,-1.7668741540534882,3839,12.219028062970569,6.278918548939083,0.3180780333739024
dkasc_10,-2.0,-0.0045,-2.8446109194461613,-3.012121095877406,-2.679608055030664,3839,12.219028062970569,6.278918548939083,0.3180780333739024
dkasc_11,0.0,-0.0045,-1.4199663728199141,-1.5606844615863704,-1.271733626456073,3905,12.219028062970569,6.391170431211499,0.327909887359199
dkasc_11,-0.25,-0.0045,-1.6475690168920627,-1.7806398806198054,-1.4871643257040046,3905,12.219028062970569,6.391170431211499,0.327909887359199
dkasc_11,-0.5,-0.0045,-1.8597498093074316,-1.988974797790466,-1.7057461763518744,3905,12.219028062970569,6.391170431211499,0.327909887359199
dkasc_11,-1.0,-0.0045,-2.2955997701782027,-2.4217180198821433,-2.1552240697595537,3905,12.219028062970569,6.391170431211499,0.327909887359199
dkasc_11,-2.0,-0.0045,-3.1718636699669345,-3.290287295249962,-3.023585994285649,3905,12.219028062970569,6.391170431211499,0.327909887359199
dkasc_13,0.0,-0.0045,-0.6850610917080374,-0.8345380508120694,-0.5433533993065689,3916,12.219028062970569,6.406228610540726,0.327741362070881
dkasc_13,-0.25,-0.0045,-0.9159809018237985,-1.056293689348553,-0.7675550310412749,3916,12.219028062970569,6.406228610540726,0.327741362070881
dkasc_13,-0.5,-0.0045,-1.1417255677570015,-1.2815835012567112,-0.9899466684263204,3916,12.219028062970569,6.406228610540726,0.327741362070881
dkasc_13,-1.0,-0.0045,-1.610977641608774,-1.726020057406902,-1.455189490274437,3916,12.219028062970569,6.406228610540726,0.327741362070881
dkasc_13,-2.0,-0.0045,-2.524995199048125,-2.648536013070324,-2.395252531297354,3916,12.219028062970569,6.406228610540726,0.327741362070881
dkasc_17,0.0,-0.0029,-0.5275420879183701,-0.6781212463448069,-0.3490025328061197,3896,12.219028062970569,6.378850102669405,0.3263292172670681
dkasc_17,-0.25,-0.0029,-0.7681649880432495,-0.9161435258698725,-0.5931671280446249,3896,12.219028062970569,6.378850102669405,0.3263292172670681
dkasc_17,-0.5,-0.0029,-1.00694786102473,-1.1462822688500462,-0.8373458002579492,3896,12.219028062970569,6.378850102669405,0.3263292172670681
dkasc_17,-1.0,-0.0029,-1.4934118689578013,-1.6290063525557619,-1.3303729632424766,3896,12.219028062970569,6.378850102669405,0.3263292172670681
dkasc_17,-2.0,-0.0029,-2.4642615969125314,-2.5978602549725336,-2.314353373790613,3896,12.219028062970569,6.378850102669405,0.3263292172670681
dkasc_12,0.0,-0.0045,-0.9064183296689177,-1.091855588599889,-0.6780645761301607,3918,12.219028062970569,6.408966461327857,0.3277648722351278
dkasc_12,-0.25,-0.0045,-1.1292669389142609,-1.3205039316669063,-0.9040969433307245,3918,12.219028062970569,6.408966461327857,0.3277648722351278
dkasc_12,-0.5,-0.0045,-1.3572460262004582,-1.556920349000701,-1.1256997086125264,3918,12.219028062970569,6.408966461327857,0.3277648722351278
dkasc_12,-1.0,-0.0045,-1.810555261863624,-2.0127571404611744,-1.5791250954856675,3918,12.219028062970569,6.408966461327857,0.3277648722351278
dkasc_12,-2.0,-0.0045,-2.7281424956367095,-2.93154857995761,-2.5025649060359756,3918,12.219028062970569,6.408966461327857,0.3277648722351278
dkasc_14,0.0,-0.0045,-0.7362260235766582,-0.9071392677210466,-0.5410173471219304,3923,12.254620123203285,6.415811088295688,0.3275400527276415
dkasc_14,-0.25,-0.0045,-0.9722421229457323,-1.1291392291167157,-0.7823125178016976,3923,12.254620123203285,6.415811088295688,0.3275400527276415
dkasc_14,-0.5,-0.0045,-1.2090282598287816,-1.3611226665886877,-1.0124312410209835,3923,12.254620123203285,6.415811088295688,0.3275400527276415
dkasc_14,-1.0,-0.0045,-1.6805681449747591,-1.8460482388781951,-1.4987004794645653,3923,12.254620123203285,6.415811088295688,0.3275400527276415
dkasc_14,-2.0,-0.0045,-2.6429739723986545,-2.7901366590952623,-2.4501470195178343,3923,12.254620123203285,6.415811088295688,0.3275400527276415
dkasc_18,0.0,-0.0045,-0.22643145297678302,-0.36687256403758967,-0.11460551197867153,3925,12.254620123203285,6.41854893908282,0.32665795524761704
dkasc_18,-0.25,-0.0045,-0.47320796619522154,-0.604723468262412,-0.3582039469117393,3925,12.254620123203285,6.41854893908282,0.32665795524761704
dkasc_18,-0.5,-0.0045,-0.7155503174982925,-0.847857459690704,-0.5989207891288539,3925,12.254620123203285,6.41854893908282,0.32665795524761704
dkasc_18,-1.0,-0.0045,-1.2022944288085917,-1.3270298728841134,-1.0923546190336642,3925,12.254620123203285,6.41854893908282,0.32665795524761704
dkasc_18,-2.0,-0.0045,-2.1919273511912807,-2.311965091496624,-2.0984098327902934,3925,12.254620123203285,6.41854893908282,0.32665795524761704
dkasc_19,0.0,-0.0045,-0.6435550030522067,-0.7714989567825435,-0.4877438590932247,3908,12.219028062970569,6.395277207392198,0.32804740178463276
dkasc_19,-0.25,-0.0045,-0.8778988412648392,-1.0064230996911785,-0.7199252547522708,3908,12.219028062970569,6.395277207392198,0.32804740178463276
dkasc_19,-0.5,-0.0045,-1.1080092467352234,-1.2284130986665809,-0.9543169373350979,3908,12.219028062970569,6.395277207392198,0.32804740178463276
dkasc_19,-1.0,-0.0045,-1.5815462160377556,-1.6976674636774147,-1.419669199878304,3908,12.219028062970569,6.395277207392198,0.32804740178463276
dkasc_19,-2.0,-0.0045,-2.5061679175628573,-2.6302923585526603,-2.382980605351248,3908,12.219028062970569,6.395277207392198,0.32804740178463276
dkasc_20,0.0,-0.0045,-2.4902513157692283,-2.6854515647168453,-2.3121500793505874,3919,12.219028062970569,6.410335386721424,0.3275345171608194
dkasc_20,-0.25,-0.0045,-2.696518597275398,-2.87654073952923,-2.5198406358965086,3919,12.219028062970569,6.410335386721424,0.3275345171608194
dkasc_20,-0.5,-0.0045,-2.897329546287042,-3.0688381222462757,-2.7262669371041826,3919,12.219028062970569,6.410335386721424,0.3275345171608194
dkasc_20,-1.0,-0.0045,-3.287251192112328,-3.4827030780075985,-3.1218570514148802,3919,12.219028062970569,6.410335386721424,0.3275345171608194
dkasc_20,-2.0,-0.0045,-4.0963202763529605,-4.269423106411674,-3.9323461419100036,3919,12.219028062970569,6.410335386721424,0.3275345171608194
dkasc_21,0.0,-0.0045,-0.8990383562999915,-1.0610463546819051,-0.7738354486959176,3662,12.219028062970569,6.022929500342231,0.3055767301905717
dkasc_21,-0.25,-0.0045,-1.1276879453235578,-1.278161748670617,-1.0119823979969356,3662,12.219028062970569,6.022929500342231,0.3055767301905717
dkasc_21,-0.5,-0.0045,-1.351067665267941,-1.5001223251488989,-1.2460356959775059,3662,12.219028062970569,6.022929500342231,0.3055767301905717
dkasc_21,-1.0,-0.0045,-1.809468817750847,-1.9518464955210368,-1.7022842245265402,3662,12.219028062970569,6.022929500342231,0.3055767301905717
dkasc_21,-2.0,-0.0045,-2.753529718513137,-2.8717123804892197,-2.626963684295538,3662,12.219028062970569,6.022929500342231,0.3055767301905717
pvdaq_1430,0.0,-0.004,-0.18411600266086126,-0.5048955103797268,0.09138093650482015,3068,8.739219712525667,4.326830937713894,0.3408661144698644
pvdaq_1430,-0.25,-0.004,-0.43860239470577267,-0.7432062002043448,-0.14427718409158818,3068,8.739219712525667,4.326830937713894,0.3408661144698644
pvdaq_1430,-0.5,-0.004,-0.683196272713138,-0.986457498661581,-0.40122594774131,3068,8.739219712525667,4.326830937713894,0.3408661144698644
pvdaq_1430,-1.0,-0.004,-1.1661082279966262,-1.474989615842337,-0.8843648963052686,3068,8.739219712525667,4.326830937713894,0.3408661144698644
pvdaq_1430,-2.0,-0.004,-2.136634767653484,-2.443747464522531,-1.8791822334858914,3068,8.739219712525667,4.326830937713894,0.3408661144698644
pvdaq_1423,0.0,-0.004,-0.49696305584161726,-0.5978825552285405,-0.38194245357896506,2148,7.263518138261465,4.280287474332649,0.35488585879954615
pvdaq_1423,-0.25,-0.004,-0.738576493986437,-0.8348442430167191,-0.6292520619979425,2148,7.263518138261465,4.280287474332649,0.35488585879954615
pvdaq_1423,-0.5,-0.004,-0.9769368706672554,-1.0796440040090227,-0.871162196855646,2148,7.263518138261465,4.280287474332649,0.35488585879954615
pvdaq_1423,-1.0,-0.004,-1.4552966595911265,-1.5542010882842496,-1.3637420798317887,2148,7.263518138261465,4.280287474332649,0.35488585879954615
pvdaq_1423,-2.0,-0.004,-2.4264306539113925,-2.5177172160989705,-2.322265755295883,2148,7.263518138261465,4.280287474332649,0.35488585879954615
pvdaq_2107,0.0,-0.004,0.8990215967644322,0.32043705898898317,1.6201689750075632,2270,6.7734428473648185,3.2659137577002055,0.27853227103281925
pvdaq_2107,-0.25,-0.004,0.6450999844814453,0.048280124350764037,1.3599158543687997,2270,6.7734428473648185,3.2659137577002055,0.27853227103281925
pvdaq_2107,-0.5,-0.004,0.3809746583128937,-0.26738683152757325,1.0667101083092212,2270,6.7734428473648185,3.2659137577002055,0.27853227103281925
pvdaq_2107,-1.0,-0.004,-0.1883379810455459,-0.732054693193751,0.5049970000485793,2270,6.7734428473648185,3.2659137577002055,0.27853227103281925
pvdaq_2107,-2.0,-0.004,-1.3492541054986318,-1.8475309131139872,-0.6496607142097233,2270,6.7734428473648185,3.2659137577002055,0.27853227103281925
pvdaq_10,0.0,-0.004,-1.3754927046412004,-1.516421935054807,-1.212811456047691,4207,13.127994524298426,6.4048596851471595,0.3000229663313582
pvdaq_10,-0.25,-0.004,-1.6008809499226548,-1.7223206626606258,-1.4295202517168002,4207,13.127994524298426,6.4048596851471595,0.3000229663313582
pvdaq_10,-0.5,-0.004,-1.822426047293792,-1.9356023843518533,-1.640432509658768,4207,13.127994524298426,6.4048596851471595,0.3000229663313582
pvdaq_10,-1.0,-0.004,-2.2482347081007714,-2.3782065285161744,-2.081681868057117,4207,13.127994524298426,6.4048596851471595,0.3000229663313582
pvdaq_10,-2.0,-0.004,-3.115661259855865,-3.2570143591124867,-2.952192945791321,4207,13.127994524298426,6.4048596851471595,0.3000229663313582
pvdaq_33,0.0,-0.004,-0.4138729272268771,-0.4753731957149715,-0.3389177176486433,4093,12.303901437371664,5.9928131416837775,0.2926649679800808
pvdaq_33,-0.25,-0.004,-0.6518754752522116,-0.7157370061674997,-0.5778556993250639,4093,12.303901437371664,5.9928131416837775,0.2926649679800808
pvdaq_33,-0.5,-0.004,-0.8951131975643678,-0.9524079281675474,-0.8182294689119345,4093,12.303901437371664,5.9928131416837775,0.2926649679800808
pvdaq_33,-1.0,-0.004,-1.3712900264793841,-1.425011633765851,-1.298479636210681,4093,12.303901437371664,5.9928131416837775,0.2926649679800808
pvdaq_33,-2.0,-0.004,-2.32978783281452,-2.3933524522857907,-2.2635153906253755,4093,12.303901437371664,5.9928131416837775,0.2926649679800808
pvdaq_1278,0.0,-0.004,-0.020390487785926226,-0.3161448765913265,0.27835977825494407,2439,6.9021218343600275,3.390485968514716,0.3731393890075611
pvdaq_1278,-0.25,-0.004,-0.28047872456375966,-0.5606549114520923,0.00468544740898693,2439,6.9021218343600275,3.390485968514716,0.3731393890075611
pvdaq_1278,-0.5,-0.004,-0.5435744164081102,-0.817934395578178,-0.26098175460587125,2439,6.9021218343600275,3.390485968514716,0.3731393890075611
pvdaq_1278,-1.0,-0.004,-1.0585383845984733,-1.3484087601669987,-0.7898917129151695,2439,6.9021218343600275,3.390485968514716,0.3731393890075611
pvdaq_1278,-2.0,-0.004,-2.0874492063597594,-2.3340321647332463,-1.826160840487212,2439,6.9021218343600275,3.390485968514716,0.3731393890075611
